track_id,jamendo_track,jamendo_artist,release_date,duration_sec,speed,vocal_instrumental,genres,mood,year,no1_songs,avg_weeks_at_no1,max_weeks_at_no1
1932670,RED LIGHT,Egor Budennyy,2022-03-17,190,medium,vocal,"pop, disco",groovy,2022,20,2.65,6
2034080,Music Soothe - Meditation Music,StimiBeats,2023-06-01,216,low,instrumental,"newage, ambient",relaxing,2023,26,1.8846153846153846,10
1886257,Alone,Color Out,2021-09-20,245,medium,vocal,"emo, poprock",emotional,2021,24,2.0416666666666665,8
1876086,Love of My Life,Ben Lvcas,2021-08-04,161,high,vocal,"edm, pop, electronic",energetic,2021,24,2.0416666666666665,8
1826189,Not the One to Say (I Told You So) (24-bit Master),Cole Powell,2021-01-23,235,medium,vocal,"pop, jazz, singersongwriter",love,2021,24,2.0416666666666665,8
1882706,Julius Marx - Vices,Julius Marx,2021-09-05,196,high,vocal,"indie, pop, folk",love,2021,24,2.0416666666666665,8
2040935,Like I Do,I. D. F. X.,2023-07-03,191,low,vocal,"alternativepop, pop",dark,2023,26,1.8846153846153846,10
1850249,Más Allá,Vince Miranda,2021-04-26,243,low,vocal,"pop, latin",love,2021,24,2.0416666666666665,8
1901140,Under Water,The.madpix.project,2021-11-19,218,high,vocal,"pop, electronic",energetic,2021,24,2.0416666666666665,8
1891977,My Love,MODUS,2021-10-12,233,high,vocal,pop,love,2021,24,2.0416666666666665,8
2135375,LEEONA - Do I,Zara Arshakian,2023-11-30,166,medium,vocal,"house, electronic",love,2023,26,1.8846153846153846,10
1904435,Reflections (feat. Mathias Hagen),Kevin S.,2021-12-03,258,medium,vocal,"alternativepop, pop, electronic",dark,2021,24,2.0416666666666665,8
1897608,LEEONA – Moment,Zara Arshakian,2021-11-06,265,medium,vocal,"pop, electropop, dreampop",acoustic,2021,24,2.0416666666666665,8
1868922,Dame Más (acoustic),Alfonso Lugo,2021-07-05,245,medium,vocal,"latin, pop",love,2021,24,2.0416666666666665,8
1884527,The Deep,Anitek,2021-09-16,144,medium,vocal,"electronica, electronic, hiphop",energetic,2021,24,2.0416666666666665,8
1980009,Lady (feat Kid Randie &amp; Myster Sandman),Le_J_James,2022-10-17,200,medium,vocal,"pop, funk",love,2022,20,2.65,6
1882761,No Rest Or Endless Rest,Lisofv,2021-09-13,273,medium,vocal,"downtempo, 8bit, filmscore",peaceful,2021,24,2.0416666666666665,8
1834483,Erick Fill &amp; Alwaro - You'll Be Fine ft. Crushboys (Original Mix),erickfill,2021-02-15,208,medium,vocal,"electropop, synthpop",80s,2021,24,2.0416666666666665,8
2161171,Host,Color Out,2024-03-11,177,medium,vocal,"emo, poppunk",acoustic,2024,24,2.1666666666666665,14
1840623,My Heart Blows Up (Explosions),Anton Leuba,2021-03-10,219,medium,vocal,"electropop, pop, electronic",emotional,2021,24,2.0416666666666665,8
1865869,Beyond All Their Wishes,James Bell,2021-06-25,185,medium,vocal,pop,christmas,2021,24,2.0416666666666665,8
1857622,Fell In Love With Summer,Songwriterz,2021-05-11,221,high,vocal,pop,summer,2021,24,2.0416666666666665,8
1820747,Dan Darnell - Right Now,Dan Darnell,2021-01-02,151,high,vocal,"dance, pop, electropop",energetic,2021,24,2.0416666666666665,8
2016794,Sake Bomb (feat. Jade Gritty &amp; Aurc),Tab,2023-03-24,221,low,vocal,"triphop, electronic, electronica",contemporary,2023,26,1.8846153846153846,10
2137882,Bad Intentions,Bessonn&amp;sa,2023-12-10,181,high,vocal,"dancepop, pop",love,2023,26,1.8846153846153846,10
1911306,Good Morning,EKOUT,2021-12-28,251,medium,vocal,"pop, chillout",podcast,2021,24,2.0416666666666665,8
1859499,Alone - Nehilo,Nehilo,2021-05-21,167,high,vocal,"edm, electropop, pop",love,2021,24,2.0416666666666665,8
1876747,"YO QUIERO BEBER - Pueto pa lo mio records Presenta - Marshall Aquicci ft AllGenius - (Musica urbana, latin, latin urban, bass)",PUETO PA LO MIO RECORDS,2021-08-14,192,medium,vocal,latin,vocal,2021,24,2.0416666666666665,8
2000103,Burn Together,Pokki DJ,2023-01-20,156,high,vocal,"dancepop, dance, edm",love,2023,26,1.8846153846153846,10
1893036,White Lilac,Novye Valtorny,2021-10-16,192,medium,vocal,pop,cheerful,2021,24,2.0416666666666665,8
1912687,Broken Love,Yigit Atilla,2022-01-01,179,medium,vocal,"pop, disco",retro,2022,20,2.65,6
1834866,Golden,Neon NiteClub,2021-02-16,207,medium,vocal,"electropop, pop",love,2021,24,2.0416666666666665,8
1933339,The River,Stingray SZN,2022-03-21,289,medium,vocal,reggae,emotional,2022,20,2.65,6
1885367,the plan - stoneface priest,stonefacepriest,2021-09-15,240,high,vocal,reggae,happy,2021,24,2.0416666666666665,8
1879649,Un Ratito Nama (Prod: Duran The Coach),Lessky,2021-08-21,180,medium,vocal,"reggaeton, latin",emotional,2021,24,2.0416666666666665,8
1890762,Baila,Alfonso Lugo,2021-10-22,210,medium,vocal,"pop, latin",happy,2021,24,2.0416666666666665,8
1892110,Dile Cuanto la Quiero,Igmar,2021-10-12,174,low,vocal,reggae,love,2021,24,2.0416666666666665,8
1925220,On Repeat,Seth Power,2022-02-14,194,high,vocal,poprock,love,2022,20,2.65,6
1823379,Chocolate,Alfonso Lugo,2021-01-27,189,high,vocal,"latin, pop",love,2021,24,2.0416666666666665,8
2028500,BASXHKZIR - I Need You Love,BASXHKZIR,2023-05-09,129,medium,vocal,"house, electronic, deephouse",upbeat,2023,26,1.8846153846153846,10
1857587,Meant To Be This Way,Square a Saw,2021-05-14,154,medium,vocal,"pop, electronic, futurebass",love,2021,24,2.0416666666666665,8
1920679,Silence,Arom,2022-02-05,281,medium,vocal,"triphop, nujazz, electronic",peaceful,2022,20,2.65,6
2006249,Runaway Mustang,The Devil Music Co.,2023-02-14,199,unknown,vocal,alternativepop,emotional,2023,26,1.8846153846153846,10
1882912,Bebe go,P Steve Officiel,2021-09-06,177,medium,vocal,"dancehall, reggaeton, latin",love,2021,24,2.0416666666666665,8
1968662,JekK  - Keep me Alive (After Lofi),JekK,2022-08-29,164,high,vocal,house,party,2022,20,2.65,6
1945368,"Nothing,With You",Smoking With Poets,2022-05-13,213,medium,vocal,"indiepop, postrock",poetry,2022,20,2.65,6
2180016,Love You Anymore (feat. Seven),Tom Orlando,2024-06-03,156,medium,vocal,"pop, hiphop",love,2024,24,2.1666666666666665,14
1926933,Supernova,Taras Stanin,2022-02-19,130,low,vocal,alternativepop,contemporary,2022,20,2.65,6
1881376,Cloud Nine,Jeff Jacobs,2021-09-17,279,low,vocal,"singersongwriter, rock, christian",emotional,2021,24,2.0416666666666665,8
1938879,Better,Square a Saw,2022-04-15,159,medium,vocal,pop,love,2022,20,2.65,6
1974740,One Day We'll Be A Song,Explosive Ear Candy,2022-09-22,255,high,vocal,poprock,emotional,2022,20,2.65,6
1910735,Chasing Tomorrow (feat. Jade Gritty),Tab,2022-01-03,186,medium,vocal,"downtempo, electronic",soft,2022,20,2.65,6
1847700,OZELLA-DREAMS,OZELLA,2021-04-08,179,medium,vocal,"rnb, soul",love,2021,24,2.0416666666666665,8
1943451,Nick Ray - Divide and Conquer (Electronic Remix),Nick Ray,2022-05-03,213,medium,vocal,"electrohouse, electronic",political,2022,20,2.65,6
2029626,Reason to Stay (feat. undy),lilac frog,2023-05-10,196,high,vocal,"pop, electropop",love,2023,26,1.8846153846153846,10
1866897,Swell,Hypercute,2021-06-26,206,medium,vocal,"pop, indiepop",contemporary,2021,24,2.0416666666666665,8
1921815,antisocial,Rxbyn,2022-01-31,178,high,vocal,rnb,podcast,2022,20,2.65,6
1958457,Boogie feat. Tracie Frank,The Disco Viking,2022-07-18,251,medium,vocal,"pop, disco",groovy,2022,20,2.65,6
1944125,Gone (feat. Tee Amara),Joel Loopez,2022-05-05,179,medium,vocal,"soul, alternativernb",love,2022,20,2.65,6
1977273,In the Summer,Maiya,2022-10-01,198,medium,vocal,"electropop, pop, dancepop",summer,2022,20,2.65,6
1909109,Settle Down (feat. yofellas),Samie Bower,2021-12-19,229,medium,vocal,"alternativernb, pop",love,2021,24,2.0416666666666665,8
1975586,Live It Up,The.madpix.project,2022-09-25,192,medium,vocal,pop,love,2022,20,2.65,6
1861886,Erase,Maury111,2021-06-03,249,high,vocal,"electronic, electropop",contemporary,2021,24,2.0416666666666665,8
1986168,Megan Graney - So It Goes,Megan Graney,2022-11-18,276,medium,vocal,soul,love,2022,20,2.65,6
2181597,Be Without U,Neon NiteClub,2024-06-05,244,medium,vocal,"electropop, pop",acoustic,2024,24,2.1666666666666665,14
2037486,Même,Paul &amp; Manuel,2023-06-17,213,medium,vocal,"indie, chansonfrancaise, world",love,2023,26,1.8846153846153846,10
1846022,Sax Is My Cardio,Kuzinmuzin,2021-03-31,207,high,vocal,"electrofunk, pop",happy,2021,24,2.0416666666666665,8
1981752,Quatro Paredes,heiwr,2022-10-25,152,unknown,vocal,"afropop, pop",love,2022,20,2.65,6
1834993,Pain(t) On Me,Smoking With Poets,2021-02-18,280,medium,vocal,"indiepop, pop",melancholic,2021,24,2.0416666666666665,8
1860359,Rewind Us,CHARIOTS,2021-05-25,172,medium,vocal,"rnb, lofi",groovy,2021,24,2.0416666666666665,8
1881164,Una Noche,MAKKENZIE,2021-08-29,188,medium,vocal,"african, afrobeat, world",love,2021,24,2.0416666666666665,8
1860165,Athens,Pierce Murphy,2021-05-24,249,high,vocal,"soul, jazz, folk",acoustic,2021,24,2.0416666666666665,8
1882821,Tantalizing Youth,Social Square,2021-09-30,252,unknown,vocal,"indierock, rock",contemporary,2021,24,2.0416666666666665,8
1858689,Gimme Love Feat Eric Maseko,D JAY KOI,2021-05-19,171,medium,vocal,"electrofunk, funk, soul",groovy,2021,24,2.0416666666666665,8
2011455,Catch Vibe - Walking Away,Loud.drop,2023-03-19,310,high,vocal,"synthpop, synthwave, pop",love,2023,26,1.8846153846153846,10
1870094,Confession,Quesabe,2021-07-08,147,unknown,vocal,"rnb, hiphop",urban,2021,24,2.0416666666666665,8
1968609,Handcrafted,Fresh Body Shop,2022-08-30,143,high,vocal,"indie, pop",upbeat,2022,20,2.65,6
1831809,Lover,Square a Saw,2021-02-05,194,medium,vocal,"electropop, pop, house",groovy,2021,24,2.0416666666666665,8
2203626,Alive,Songwriterz,2024-09-26,234,low,vocal,pop,emotional,2024,24,2.1666666666666665,14
1879171,Molotov Heart,Radio Nowhere,2021-08-21,247,medium,vocal,"rock, classicrock, indie",love,2021,24,2.0416666666666665,8
1826504,Greedy - Kyrie Braxton,Kyrie Braxton,2021-02-01,189,medium,vocal,"dancehall, world",love,2021,24,2.0416666666666665,8
1823855,Losing Ground,Luke Davids,2021-01-18,178,high,vocal,poprock,love,2021,24,2.0416666666666665,8
1893900,Bright Red and March Away,Iris Bevy,2021-10-22,201,medium,vocal,"indiepop, pop",fun,2021,24,2.0416666666666665,8
1833213,Veronika Kosh - River  in the sky (Original),Veronica,2021-02-10,224,high,vocal,"progressivehouse, electronic",acoustic,2021,24,2.0416666666666665,8
1833805,Beautiful Lounge,Sergey Gulevich,2021-02-12,144,high,instrumental,"ambient, chillout, electronic",lounge,2021,24,2.0416666666666665,8
2221139,Lose My Rose,Ed Napoli,2024-12-05,199,medium,vocal,pop,love,2024,24,2.1666666666666665,14
1955723,One Day,I. D. F. X.,2022-07-01,154,high,vocal,"alternativepop, pop",happy,2022,20,2.65,6
2135373,LEEONA - Taste,Zara Arshakian,2023-11-30,179,unknown,vocal,electropop,80s,2023,26,1.8846153846153846,10
1890852,Break Away,Nick Ray,2021-10-06,241,medium,vocal,"singersongwriter, pop, indie",contemporary,2021,24,2.0416666666666665,8
1923877,Igor Pumphonia - Point Of Light,Igor Pumphonia,2022-02-08,166,low,vocal,"chillout, electronic",lounge,2022,20,2.65,6
2056871,Dance All Night,Bessonn&amp;sa,2023-07-25,207,medium,vocal,pop,love,2023,26,1.8846153846153846,10
2162424,XENEZE - Starlight,XENEZE,2024-03-29,158,medium,vocal,electropop,emotional,2024,24,2.1666666666666665,14
1860716,B U R N,Bessonn&amp;sa,2021-05-27,239,high,vocal,pop,retro,2021,24,2.0416666666666665,8
1839666,Limes,LITTLE SUSPICIONS,2021-03-06,211,medium,vocal,"indierock, indie, surfrock",romantic,2021,24,2.0416666666666665,8
1920292,Gimme Now,Ed Napoli,2022-01-26,186,medium,vocal,"electropop, pop",love,2022,20,2.65,6
2235600,Tentadora,DANOIS,2025-02-24,198,medium,vocal,"latin, reggaeton, pop",love,2025,15,3.466666666666667,13
1856494,Sax Is My Cardio (Remix),Kuzinmuzin,2021-05-12,195,high,vocal,"electropop, dance, electronic",party,2021,24,2.0416666666666665,8
1925927,The Picture,Bessonn&amp;sa,2022-02-17,200,high,vocal,"pop, dance",contemporary,2022,20,2.65,6
2176441,Welcome to hell,KERRY,2024-05-13,179,medium,vocal,"alternativepop, pop",acoustic,2024,24,2.1666666666666665,14
2027593,Out Of My Head [Radio Edit],Tom Orlando,2023-05-02,205,medium,vocal,"pop, rap",love,2023,26,1.8846153846153846,10
1960209,Star in the Sky,Square a Saw,2022-07-22,146,medium,vocal,pop,motivational,2022,20,2.65,6
1859928,Monday 8am,Kinematic,2021-06-01,217,medium,vocal,"singersongwriter, folk",peaceful,2021,24,2.0416666666666665,8
2205234,Igor Pumphonia - Echoes of Love,Igor Pumphonia,2024-09-22,198,medium,vocal,"chillout, electronic, downtempo",lounge,2024,24,2.1666666666666665,14
1899357,After Midnight,Paxton Pennington,2021-11-23,194,high,vocal,"indie, rock",happy,2021,24,2.0416666666666665,8
1863814,Work N' Play,Samie Bower,2021-07-01,200,unknown,vocal,"hiphop, rnb",vocal,2021,24,2.0416666666666665,8
2133898,One Gift Shawty (For Christmas),Samie Bower,2023-11-24,215,unknown,vocal,"rnb, pop",christmas,2023,26,1.8846153846153846,10
1870772,Blind girl (feat. Dia Yiannopoulou),zero-project,2021-07-10,227,verylow,vocal,"jazz, soul",emotional,2021,24,2.0416666666666665,8
1902475,This Is Not Right For Me,Bessonn&amp;sa,2021-11-25,194,medium,vocal,"electropop, pop, dance",vlog,2021,24,2.0416666666666665,8
1875141,Inspiring Cinematic Piano (Version 1),makesound,2021-08-04,96,medium,instrumental,"filmscore, classical, neoclassical",sentimental,2021,24,2.0416666666666665,8
1884781,Sensitive,Energy Music,2021-09-13,190,high,vocal,"downtempo, chillhop",melancholic,2021,24,2.0416666666666665,8
1875943,Around The Corner,Energy Music,2021-08-04,104,high,instrumental,"deephouse, dance, house",uplifting,2021,24,2.0416666666666665,8
1845306,Tiptoe,Rivers and Leaves,2021-03-27,272,medium,vocal,"folk, singersongwriter",melancholic,2021,24,2.0416666666666665,8
1900582,Love Affair,KERRY,2021-11-18,182,high,vocal,electropop,clubbing,2021,24,2.0416666666666665,8
2214037,Where's the Love,Samie Bower,2024-11-02,189,unknown,vocal,"alternativernb, pop",love,2024,24,2.1666666666666665,14
1830957,Polaris (feat. Daria Shakhova),So Far As I Know,2021-02-03,263,low,vocal,"folk, singersongwriter",atmospheric,2021,24,2.0416666666666665,8
1861493,A Moment in Time,Graham Coe,2021-06-01,232,medium,vocal,"folk, singersongwriter",love,2021,24,2.0416666666666665,8
1900662,Mineral,HRCRX,2021-11-18,198,medium,vocal,"electronic, breakbeat",vlog,2021,24,2.0416666666666665,8
1929475,Easy to love you,Boulvard X-Audi,2022-03-02,159,medium,vocal,"pop, alternativernb",groovy,2022,20,2.65,6
2220183,LOW,Egor Budennyy,2024-11-29,185,medium,vocal,poprock,contemporary,2024,24,2.1666666666666665,14
1894241,Igor Pumphonia feat. Ladynsax - Move In On,Igor Pumphonia,2021-10-21,199,high,vocal,"house, dance, electronic",upbeat,2021,24,2.0416666666666665,8
1880064,Old Money (feat. Jade Gritty &amp; AURC),Tab,2021-08-25,240,medium,vocal,funk,70s,2021,24,2.0416666666666665,8
1845787,Igor Pumphonia feat. Ladynsax - Tribute (Dub),Igor Pumphonia,2021-03-30,219,high,instrumental,"house, electronic",lounge,2021,24,2.0416666666666665,8
1833716,HOUSE PARTY .(Feat Fil Straughan ),D JAY KOI,2021-02-12,202,unknown,vocal,"electrofunk, pop, funk",groovy,2021,24,2.0416666666666665,8
2057067,How Far,Samie Bower,2023-08-02,182,unknown,vocal,"pop, alternativernb",emotional,2023,26,1.8846153846153846,10
2232438,My Heart Is Your Home,Sarah C,2025-01-27,202,medium,vocal,adultcontemporary,love,2025,15,3.466666666666667,13
1871070,In My Mind,Laminar,2021-07-11,211,high,vocal,"drumnbass, electronic",energetic,2021,24,2.0416666666666665,8
2068333,Wonderful Living,Bessonn&amp;sa,2023-09-24,165,high,vocal,"dance, pop",energetic,2023,26,1.8846153846153846,10
1982365,Abstract Ideas,DHDMusic,2022-10-28,114,high,instrumental,electronic,inspirational,2022,20,2.65,6
1869789,Carbon Casca - Bad Like That (Feat. King Whiz),Carbon Casca,2021-07-07,154,high,vocal,"hiphop, rnb",love,2021,24,2.0416666666666665,8
2043553,Clair Obscur,A Virtual Friend,2023-07-14,225,medium,vocal,"hiphop, pop",groovy,2023,26,1.8846153846153846,10
1834358,Baby Bird,LZYBY,2021-02-14,265,low,vocal,"singersongwriter, pop",emotional,2021,24,2.0416666666666665,8
1863813,Who Called Who,Samie Bower,2021-07-01,204,unknown,vocal,rnb,love,2021,24,2.0416666666666665,8
1885128,LEEONA – Neon Blue,Zara Arshakian,2021-09-14,263,high,vocal,"electropop, pop, dance",adult,2021,24,2.0416666666666665,8
2237636,Real to Me,Laurence DaNova,2025-03-07,213,medium,vocal,"indiepop, world, indie",acoustic,2025,15,3.466666666666667,13
1921818,erase me (feat. Ronnetta Spencer &amp; Vizionvry),Rxbyn,2022-01-31,270,high,vocal,"pop, rnb",podcast,2022,20,2.65,6
1970788,In Your Arms,Bessonn&amp;sa,2022-09-07,189,medium,vocal,"pop, dance",love,2022,20,2.65,6
1894363,Igor Pumphonia feat. EVVA Music - Passion,Igor Pumphonia,2021-10-22,230,medium,vocal,"house, pop, electronic",energetic,2021,24,2.0416666666666665,8
1884651,Fashion City,Boulvard X-Audi,2021-09-12,163,high,vocal,"house, electronic, deephouse",fashion,2021,24,2.0416666666666665,8
1876634,Clair De Lune,AurbanniAudio,2021-08-07,230,medium,instrumental,"classical, filmscore",cinematic,2021,24,2.0416666666666665,8
1893303,A night on the town,Stefan Kartenberg,2021-10-18,317,high,instrumental,"blues, jazz",retro,2021,24,2.0416666666666665,8
1840801,MUAKI,Lessky,2021-03-09,195,medium,vocal,"reggaeton, latin",urban,2021,24,2.0416666666666665,8
1865180,Pumpi,Eventual Groove,2021-06-20,303,high,instrumental,"house, dance, electronic",lounge,2021,24,2.0416666666666665,8
1865576,Million Try,MOGU,2021-06-21,0,medium,vocal,"indierock, indie",contemporary,2021,24,2.0416666666666665,8
1957406,A View From The Vale,Glass Violet,2022-07-07,365,medium,vocal,"indie, alternativerock",contemporary,2022,20,2.65,6
1852643,Surfing on Gasoline (Live Acoustic),Fresh Body Shop,2021-05-10,136,medium,vocal,"indie, pop, folk",love,2021,24,2.0416666666666665,8
1864204,Rockstar ft. Swagg Milly,Ralph Da God,2021-06-15,171,high,vocal,hiphop,urban,2021,24,2.0416666666666665,8
1920917,lockdown blues,Lonely Piano,2022-01-28,185,low,instrumental,jazz,soft,2022,20,2.65,6
1894568,Igor Pumphonia - Le Compromis (Dub),Igor Pumphonia,2021-10-23,207,low,instrumental,"chillout, electronic",lounge,2021,24,2.0416666666666665,8
2166896,Tell Me Why,Axl &amp; Arth,2024-04-03,240,medium,vocal,"pop, dance",acoustic,2024,24,2.1666666666666665,14
1942789,Morning Coffee and You,The Vow,2022-04-30,115,unknown,vocal,"folk, singersongwriter",emotional,2022,20,2.65,6
1834794,How Weird It Is... (Original Mix),Sun Spot,2021-02-16,324,medium,vocal,"progressivehouse, trance",upbeat,2021,24,2.0416666666666665,8
2124813,African Vibe,DHDMusic,2023-10-13,121,medium,vocal,"afrobeat, world",travel,2023,26,1.8846153846153846,10
1899554,Less Affected,Equals Conquest,2021-11-12,224,medium,vocal,"indierock, indie, rock",energetic,2021,24,2.0416666666666665,8
2022040,We Belong Together,Ed Napoli,2023-04-14,185,medium,vocal,pop,love,2023,26,1.8846153846153846,10
1885653,See the Sun Explode,Fresh Body Shop,2021-09-20,187,medium,vocal,"indie, electronic, alternativerock",atmospheric,2021,24,2.0416666666666665,8
1879169,Queen of Evening,Radio Nowhere,2021-08-21,280,medium,vocal,"indierock, indie, poprock",political,2021,24,2.0416666666666665,8
1893022,Igor Pumphonia - Not This Time (Dub),Igor Pumphonia,2021-10-16,283,medium,instrumental,"house, pop, electronic",lounge,2021,24,2.0416666666666665,8
1885855,Paris Streets,JO.BITE,2021-09-19,182,high,instrumental,"jazz, jazzfusion, bebop",improvisation,2021,24,2.0416666666666665,8
2022046,Sanctuary,Ed Napoli,2023-04-14,163,medium,vocal,pop,love,2023,26,1.8846153846153846,10
1928313,Rest Easy,Laurence DaNova,2022-02-25,292,low,vocal,pop,acoustic,2022,20,2.65,6
1885131,LEEONA – Satin,Zara Arshakian,2021-09-14,181,medium,vocal,"electropop, pop, dance",party,2021,24,2.0416666666666665,8
1846081,Leo Motte - Spatium (Radio Mix),MLDJ,2021-04-01,246,high,vocal,"house, dance, electronic",party,2021,24,2.0416666666666665,8
1859502,Blue Lights ft LizAnn (RADIO EDIT),Nehilo,2021-05-25,180,high,vocal,"electronic, edm",acoustic,2021,24,2.0416666666666665,8
2250638,Pass me by (feat. Konnie),zero-project,2025-05-03,204,low,vocal,"bluesrock, blues, rock",acoustic,2025,15,3.466666666666667,13
1913150,v etom momente,kbkbts.,2022-01-04,199,medium,instrumental,"lofi, hiphop, downtempo",soft,2022,20,2.65,6
1894386,Medicine,Kevin Milner and Piero Peluche,2021-10-29,228,medium,vocal,"folk, country",introspective,2021,24,2.0416666666666665,8
1999390,Blue Moon,DHDMusic,2023-01-17,113,high,instrumental,chillhop,vlog,2023,26,1.8846153846153846,10
2029445,Crystals In Our Eyes,Romancoke,2023-05-09,244,high,vocal,"indie, alternativerock",love,2023,26,1.8846153846153846,10
1838679,To Care,Arto Kumanto,2021-03-02,235,verylow,instrumental,"downtempo, electronic, chillout",lounge,2021,24,2.0416666666666665,8
1894240,Igor Pumphonia feat. Ladynsax - Move In On (Dub),Igor Pumphonia,2021-10-21,198,high,vocal,"house, dance, electronic",energetic,2021,24,2.0416666666666665,8
1877711,Calm Lo Fi,Mit-Rich,2021-08-12,106,medium,instrumental,"lofi, hiphop, chillhop",soft,2021,24,2.0416666666666665,8
1971660,This Island,Laurence DaNova,2022-09-12,227,medium,vocal,alternativepop,peaceful,2022,20,2.65,6
2136347,Resurfacing,Laurence DaNova,2023-12-08,262,medium,vocal,"indiepop, indie",emotional,2023,26,1.8846153846153846,10
1886532,P.o.l.t.,Taras Stanin,2021-09-22,438,high,vocal,"house, dance, electronic",energetic,2021,24,2.0416666666666665,8
1914107,Walk Tonight,Charlie Mosbrook,2022-01-07,177,medium,vocal,"singersongwriter, folk",love,2022,20,2.65,6
1880317,I dance to the Jazz of the 50s,AurbanniAudio,2021-08-24,116,high,instrumental,"jazz, blues",retro,2021,24,2.0416666666666665,8
2217695,Jupiter and Mars,Square a Saw,2024-11-18,185,high,vocal,"dance, pop",acoustic,2024,24,2.1666666666666665,14
1885476,Kings Cross - A Summers Evening,Bemused,2021-09-16,519,medium,instrumental,"chillout, electronic",atmospheric,2021,24,2.0416666666666665,8
1824203,Juno,Yigit Atilla,2021-01-16,157,high,vocal,"house, dance, electronic",fashion,2021,24,2.0416666666666665,8
1871435,Leo Motte - Foliorum,MLDJ,2021-07-13,220,high,vocal,"progressivehouse, house, dance",party,2021,24,2.0416666666666665,8
2169630,Ambient Future,DHDMusic,2024-04-18,140,high,instrumental,corporate,advertising,2024,24,2.1666666666666665,14
1847921,ITLP - Dance,Igor Pumphonia,2021-04-09,253,high,vocal,"house, dance, electronic",atmospheric,2021,24,2.0416666666666665,8
1952972,Don't You Steal My Groove,Neon NiteClub,2022-06-21,225,medium,vocal,"pop, electropop",fashion,2022,20,2.65,6
1885651,to: Aurora,Smoking With Poets,2021-09-17,249,high,vocal,indiepop,melancholic,2021,24,2.0416666666666665,8
1860348,Thinkin About You,LUCID LIP,2021-06-04,230,medium,vocal,"soul, blues",romantic,2021,24,2.0416666666666665,8
1888584,Mahidevran - Maze of sorrow,Mahidevran Rock Band,2021-09-29,388,medium,vocal,"rock, alternativerock, hardrock",powerful,2021,24,2.0416666666666665,8
1927561,Taxi,SoulProdMusic,2022-02-21,163,medium,vocal,"chillhop, hiphop",peaceful,2022,20,2.65,6
1897489,Lofi and Coffee,Jon J. Morin,2021-11-05,189,low,instrumental,"smoothjazz, lofi",lounge,2021,24,2.0416666666666665,8
1834959,As Long As You Are,Color Out,2021-02-17,248,low,vocal,"indierock, indie, poprock",romantic,2021,24,2.0416666666666665,8
1857010,"EVVA feat. Igor Pumphonia, Eric Zenkov - Lose You",Igor Pumphonia,2021-05-08,194,low,vocal,"pop, folk",love,2021,24,2.0416666666666665,8
1856745,EVVA feat. Igor Pumphonia - SLOVA,Igor Pumphonia,2021-05-07,234,high,vocal,"house, dance, electronic",fashion,2021,24,2.0416666666666665,8
1861967,Lofi t4,Benedikt,2021-06-03,152,low,instrumental,"lofi, chillout, hiphop",soft,2021,24,2.0416666666666665,8
1949304,SUGA SUGA,Egor Budennyy,2022-06-01,175,medium,vocal,pop,love,2022,20,2.65,6
1848634,"Igor Pumphonia, ITLP, DEKU - So Let Me",Igor Pumphonia,2021-04-13,234,high,vocal,"house, dance, electronic",psychedelic,2021,24,2.0416666666666665,8
1894388,How Far I Will Go (For You),Kara Square and Piero Peluche,2021-11-11,287,high,vocal,"indie, folk, indierock",love,2021,24,2.0416666666666665,8
1920058,Lo-Fi Background,STORMUSIC,2022-01-26,213,medium,instrumental,"lofi, hiphop, chillhop",vlog,2022,20,2.65,6
1885699,My Melancholy,Jeff Jacobs,2021-09-17,222,medium,vocal,"singersongwriter, folk, americana",love,2021,24,2.0416666666666665,8
1885259,You The Best (Remix) Feat. Young Redd,Young Keys,2021-09-15,147,medium,vocal,"rnb, hiphop",love,2021,24,2.0416666666666665,8
2155707,Don't Give Up,Weathered Pages,2024-02-18,279,medium,vocal,"pop, adultcontemporary",love,2024,24,2.1666666666666665,14
1876532,Igor Pumphonia - Vanishing Mirage,Igor Pumphonia,2021-08-06,261,medium,instrumental,"electronic, chillout",lounge,2021,24,2.0416666666666665,8
1879716,Sentimental Romantic Jazz,Alexey Anisimov,2021-08-22,152,medium,vocal,"lofi, jazz, hiphop",retro,2021,24,2.0416666666666665,8
1874542,Dont Look Back,Energy Music,2021-07-27,108,high,vocal,"house, deephouse, electronic",dreamy,2021,24,2.0416666666666665,8
2124292,Think She Was Right,Tony Petersen,2023-10-10,207,medium,vocal,indie,acoustic,2023,26,1.8846153846153846,10
2266835,Pop &amp; Deep House,TNDR Productions,2025-07-30,275,high,vocal,"dance, deephouse",emotional,2025,15,3.466666666666667,13
1831802,Streets of Spain,Brady Harris,2021-02-06,206,medium,vocal,"indierock, indie",emotional,2021,24,2.0416666666666665,8
2057437,Burning You (feat.Ron Santee),Tab,2023-07-28,185,medium,vocal,"bluesrock, blues",contemporary,2023,26,1.8846153846153846,10
1901607,Head Over Heels (Friend Group Remix),The Devil Music Co.,2021-12-02,220,high,vocal,"alternativepop, poprock",uplifting,2021,24,2.0416666666666665,8
2002260,Everything is Going to be All Right,Re:Wind,2023-01-30,254,medium,vocal,"rock, blues",psychedelic,2023,26,1.8846153846153846,10
1880756,Lofi Hiphop Jazzy Trumpet,Joel Loopez,2021-08-27,186,low,instrumental,"chillhop, lofi",lounge,2021,24,2.0416666666666665,8
1893264,Old Russian Waltz #2 | Romantic Piano Music,The Piano Lady (Lena Orsa),2021-10-19,139,medium,instrumental,"neoclassical, waltz",romantic,2021,24,2.0416666666666665,8
1896738,Sweed Beats - Morning,Sweed beats,2021-11-03,0,medium,instrumental,"lofi, chillhop, hiphop",peaceful,2021,24,2.0416666666666665,8
1896376,Incheon,Energy Music,2021-11-01,185,high,vocal,"chillhop, lofi",abstract,2021,24,2.0416666666666665,8
1873627,If Only,The Vow,2021-07-22,172,medium,vocal,"indie, singersongwriter",love,2021,24,2.0416666666666665,8
1940942,Graceful,Yigit Atilla,2022-04-21,174,medium,instrumental,"rnb, jazz",upbeat,2022,20,2.65,6
2029583,BASXHKZIR - Dancing,BASXHKZIR,2023-05-11,128,high,vocal,"house, electrohouse",energetic,2023,26,1.8846153846153846,10
1866235,Summer Cat,Thesieryj,2021-06-23,148,medium,instrumental,"neoclassical, chamber",romantic,2021,24,2.0416666666666665,8
1913990,Lo Fi Downtempo,Puzzle Music,2022-01-07,146,medium,instrumental,"downtempo, electronic, lofi",soft,2022,20,2.65,6
1852875,"Sorry, We&#039;re Open",Nabucco Dinosaur,2021-05-14,178,high,vocal,"indierock, rock",contemporary,2021,24,2.0416666666666665,8
1870246,Latinas feat. Vince Miranda -,Alfonso Lugo,2021-07-09,174,medium,vocal,"latin, pop, reggaeton",happy,2021,24,2.0416666666666665,8
2124300,You Freak Me Out Sometimes,Tony Petersen,2023-10-10,227,medium,vocal,"americana, country",love,2023,26,1.8846153846153846,10
1981724,leaves falling in fall,hefxthoth,2022-10-25,253,medium,instrumental,"chillout, electronic, lofi",peaceful,2022,20,2.65,6
1935546,Hollywood Stars,Neon NiteClub,2022-04-08,199,medium,vocal,"electropop, pop",fun,2022,20,2.65,6
2264297,Beat,Bessonn&amp;sa,2025-07-18,156,high,vocal,"pop, dance",party,2025,15,3.466666666666667,13
1896478,Inspiring Chill,Sergey Gulevich,2021-11-01,137,high,instrumental,"chillout, electronic, newage",lounge,2021,24,2.0416666666666665,8
1916728,Los money - Pueto pa lo mio records presenta Neycom Ft Choque Dineral,PUETO PA LO MIO RECORDS,2022-01-21,132,medium,vocal,"hiphop, latin",political,2022,20,2.65,6
1830374,Igor Pumphonia - Color My World,Igor Pumphonia,2021-02-02,261,high,vocal,"house, dance, electronic",lounge,2021,24,2.0416666666666665,8
1862341,The Last Day Of Summer,Sevennotes,2021-06-07,120,medium,instrumental,"house, dance, electronic",energetic,2021,24,2.0416666666666665,8
1985894,432 Hz Meditation with Theta Waves Binaural Beats,Gaia Meditation,2022-11-17,0,verylow,instrumental,"ambient, newage",meditative,2022,20,2.65,6
1922912,"Summer Days (Lofi Chillhop Japanese, Chinese, Korean, Asian)",EdiKey20,2022-02-04,131,low,instrumental,"chillhop, asian, hiphop",travel,2022,20,2.65,6
1879241,Time Bomb,The Spin Wires,2021-08-25,187,high,vocal,"alternativerock, rock, garage",action,2021,24,2.0416666666666665,8
1882301,Lo-fi hip-hop jazz Evening Meeting phonk beats relax music,SaturdayBeats,2021-09-02,160,low,instrumental,"downtempo, asian, electronic",peaceful,2021,24,2.0416666666666665,8
1861816,Mr Carbon,Heifervescent,2021-06-06,240,medium,vocal,"indierock, indie, rock",political,2021,24,2.0416666666666665,8
1823809,EDEM 200,SensSnoW,2021-01-14,132,high,vocal,"house, electronic, dance",party,2021,24,2.0416666666666665,8
1858984,Old Stones,Kosash,2021-05-18,159,high,instrumental,"celtic, world, folk",travel,2021,24,2.0416666666666665,8
1882560,Doppleganger (feat.A.U.R.C),Tab,2021-09-15,301,high,vocal,indierock,contemporary,2021,24,2.0416666666666665,8
1941190,Night Lounge (Main),Parler,2022-04-22,136,medium,instrumental,"jazzfusion, chillhop",lounge,2022,20,2.65,6
1820420,Break the Rain,Michael Ellis,2021-01-01,279,medium,vocal,"indie, pop, poprock",political,2021,24,2.0416666666666665,8
1836588,Without You,Oleg Xaler,2021-02-20,206,high,vocal,"house, electronic",party,2021,24,2.0416666666666665,8
2169783,Quiet Place,Square a Saw,2024-04-19,198,high,vocal,dance,love,2024,24,2.1666666666666665,14
2175263,Technology Earth 15sec,DHDMusic,2024-05-09,15,medium,instrumental,"breakbeat, intro, electronic",motivational,2024,24,2.1666666666666665,14
1849464,All For Nothing,Anthem of Rain,2021-04-16,278,low,vocal,"singersongwriter, adultcontemporary, pop",emotional,2021,24,2.0416666666666665,8
1864300,Background Music Lofi Hip Hop Beat Chill Lofi Chill jazz lofi type beat,PeryCreep,2021-06-15,156,low,instrumental,"lofi, chillhop",soft,2021,24,2.0416666666666665,8
1883216,Dopamine,Evgenia Kostitsyna,2021-09-08,175,high,instrumental,"latin, jazz, samba",energetic,2021,24,2.0416666666666665,8
1934297,jazzman chills the thrill,hefxthoth,2022-03-25,162,medium,instrumental,"chillhop, jazz, triphop",vlog,2022,20,2.65,6
1901170,Kibeatzer &amp; Nick Ray - Tread Lightly,Nick Ray,2021-11-29,188,high,vocal,"dancepop, pop, edm",energetic,2021,24,2.0416666666666665,8
1893024,Igor Pumphonia - Love's Insanity (Dub),Igor Pumphonia,2021-10-16,198,medium,instrumental,"chillout, pop, electronic",lounge,2021,24,2.0416666666666665,8
1968056,Versatile Comfort,Kinematic,2022-08-30,249,low,vocal,"indie, alternativerock",acoustic,2022,20,2.65,6
1862234,Emotional Piano Ballad,FollowMe,2021-06-04,350,low,instrumental,"filmscore, lofi, hiphop",emotional,2021,24,2.0416666666666665,8
1949321,Feelings of Yesterday,ASHWYN,2022-06-01,203,high,vocal,pop,dreamy,2022,20,2.65,6
1866125,The Other Side,James Bell,2021-06-25,269,medium,vocal,"indierock, indie, rock",contemporary,2021,24,2.0416666666666665,8
1892205,Training Day,Papasound,2021-10-13,127,high,instrumental,"edm, dance, electronic",energetic,2021,24,2.0416666666666665,8
2006882,Let It Shine,Mr Peel,2023-02-16,175,low,vocal,"downtempo, electronic",nature,2023,26,1.8846153846153846,10
1937430,Colorful Creation,Decision Space,2022-04-06,147,low,instrumental,"downtempo, lofi, electronic",atmospheric,2022,20,2.65,6
1905108,Ladidadi (feat Mishell Ivon),Le_J_James,2021-12-06,136,medium,vocal,"rnb, soul",lounge,2021,24,2.0416666666666665,8
1920671,Si,Arom,2022-02-05,321,medium,vocal,"triphop, electronic",lounge,2022,20,2.65,6
1942488,Unbreakable,Pokki DJ,2022-04-28,227,high,vocal,edm,upbeat,2022,20,2.65,6
1867148,Soundcloud Warrior,Nick Ray,2021-06-27,215,high,vocal,"indie, pop",contemporary,2021,24,2.0416666666666665,8
1914708,Forget About Tomorrow,Kavi Jezzie Hockaday,2022-01-10,229,medium,vocal,"singersongwriter, folk",acoustic,2022,20,2.65,6
1903311,Let It All Go Instrumental,Jon Worthy,2021-11-29,245,medium,instrumental,"downtempo, electronic",atmospheric,2021,24,2.0416666666666665,8
1886806,Playin' the Fool,Samie Bower,2021-09-24,200,medium,vocal,"rnb, chillout",love,2021,24,2.0416666666666665,8
1993517,Giving Up The Ghost,LITTLE SUSPICIONS,2022-12-26,211,medium,vocal,indierock,vocal,2022,20,2.65,6
1835195,At the Beach,Arto Kumanto,2021-02-20,251,low,instrumental,"dub, reggae, downtempo",atmospheric,2021,24,2.0416666666666665,8
1848396,LowDown Mini Reel #6 (No Ceiling),LowDown Brass Band,2021-05-05,134,medium,vocal,"hiphop, rnb, alternativehiphop",urban,2021,24,2.0416666666666665,8
1822992,MLDJ - Always Together,MLDJ,2021-01-11,445,high,instrumental,"house, dance, corporate",party,2021,24,2.0416666666666665,8
1907340,Springtime Lovers - Chill Guitar Hip Hop Beat Lounge Vlog (Full Track),Ronin_Production,2021-12-14,172,low,instrumental,"chillhop, hiphop, lofi",vlog,2021,24,2.0416666666666665,8
1907232,Sunday,Zist,2021-12-13,150,medium,vocal,"chillwave, electronic",vlog,2021,24,2.0416666666666665,8
2112448,Background Flow,LEXMusic,2023-10-03,187,medium,instrumental,"deephouse, electronic",lounge,2023,26,1.8846153846153846,10
2230554,Like Before,Bessonn&amp;sa,2025-01-16,231,high,vocal,"dancepop, funk",energetic,2025,15,3.466666666666667,13
1988558,Common Ground,STEEP,2022-12-04,218,high,vocal,"indierock, alternativerock",acoustic,2022,20,2.65,6
2027020,Vampires of South Dakota,Forget the Whale,2023-04-27,266,high,vocal,countryrock,traditional,2023,26,1.8846153846153846,10
1861221,Tree,unVoid,2021-05-30,150,medium,instrumental,"downtempo, electronic, chillhop",peaceful,2021,24,2.0416666666666665,8
1914663,Feel Good,Boulvard X-Audi,2022-01-10,157,medium,vocal,"chillhop, hiphop, lofi",urban,2022,20,2.65,6
1876666,The Jazz,AurbanniAudio,2021-08-07,111,medium,instrumental,"jazz, filmscore",lounge,2021,24,2.0416666666666665,8
1886941,Always Ever Be (2021 24-bit Master),Cole Powell,2021-09-28,160,high,vocal,"folk, poprock",love,2021,24,2.0416666666666665,8
1906528,Young Blood - Lo-Fi Chill Hip Hop (Full Track - No Vocal),Ronin_Production,2021-12-10,133,high,instrumental,"chillhop, hiphop, lofi",lounge,2021,24,2.0416666666666665,8
1929654,Under The Rain,Clement Lauro,2022-03-03,172,medium,instrumental,"lofi, hiphop",peaceful,2022,20,2.65,6
1900567,Breath of Wind,Decision Space,2021-11-18,166,medium,instrumental,"downtempo, electronic, chillhop",peaceful,2021,24,2.0416666666666665,8
1857401,Mercurial,dreamføx,2021-05-24,283,medium,vocal,"downtempo, electronic, hiphop",dark,2021,24,2.0416666666666665,8
2021493,Daughter of the Water,Courtney Nord,2023-04-12,192,medium,vocal,"triphop, indierock, electronic",contemporary,2023,26,1.8846153846153846,10
2155588,Saturday,CrumbSnatchers,2024-02-19,161,unknown,vocal,"indiepop, indierock",fun,2024,24,2.1666666666666665,14
2163419,Club Future House,MokkaMusic,2024-03-19,163,medium,vocal,"house, techno",dark,2024,24,2.1666666666666665,14
1859520,Lo-Fi Beat,Mit-Rich,2021-05-21,106,low,instrumental,"chillhop, hiphop, lofi",soft,2021,24,2.0416666666666665,8
2007690,Dreams,[n],2023-02-21,286,low,instrumental,"triphop, jazzfusion, electronic",dark,2023,26,1.8846153846153846,10
1878262,Endless Dreams,Energy Music,2021-08-15,154,medium,instrumental,"filmscore, trailer, indierock",epic,2021,24,2.0416666666666665,8
1847267,All I Believe In,Jon Worthy,2021-05-01,202,high,vocal,"indierock, indie, poprock",love,2021,24,2.0416666666666665,8
2035689,Love Frequency,Yigit Atilla,2023-06-07,181,low,instrumental,"lofi, rnb, hiphop",soft,2023,26,1.8846153846153846,10
1821523,I K W Y B,Forget the Whale,2021-01-05,285,medium,vocal,"alternativerock, rock",love,2021,24,2.0416666666666665,8
1823852,Remarkable Plans,Luke Davids,2021-01-18,171,medium,vocal,indie,sentimental,2021,24,2.0416666666666665,8
1926466,WHEN I'M WITHOUT YOU,Egor Budennyy,2022-02-17,182,high,vocal,pop,love,2022,20,2.65,6
1850682,Happy Anywhere,TheQLon,2021-04-22,158,unknown,vocal,"indiepop, pop, indie",upbeat,2021,24,2.0416666666666665,8
2183625,As in Light Wind 15sec,DHDMusic,2024-06-13,15,medium,instrumental,"country, folk",happy,2024,24,2.1666666666666665,14
1889563,Cyberpunk,Energysound,2021-10-02,145,high,instrumental,"electronica, edm",videogame,2021,24,2.0416666666666665,8
1968408,Day Dream,Sekosh,2022-08-28,153,low,vocal,"chillhop, chillout, hiphop",soft,2022,20,2.65,6
1864923,Pegate A Mi,Deivid Rivera,2021-06-18,204,medium,vocal,"latin, reggaeton",love,2021,24,2.0416666666666665,8
1875274,How Do I Get My Grass Really Green,Axined &amp; Mr. Moohman,2021-08-04,288,medium,vocal,"chillout, deephouse, electronic",lounge,2021,24,2.0416666666666665,8
1873716,Sunshine In Bali (Meditative Relaxing),Ashot_Danielyan_Composer,2021-07-23,448,verylow,instrumental,"ambient, newage",peaceful,2021,24,2.0416666666666665,8
2186701,And The Pond Life Flourished,Heifervescent,2024-06-30,313,medium,vocal,"indierock, indie",emotional,2024,24,2.1666666666666665,14
2022209,Happy Bright Acoustic,DHDMusic,2023-04-12,127,medium,instrumental,folk,happy,2023,26,1.8846153846153846,10
2025864,Autumn Break,DHDMusic,2023-04-23,139,medium,instrumental,"folk, country",happy,2023,26,1.8846153846153846,10
1862128,lofi hip hop trevel relax,Sergei,2021-06-04,194,low,instrumental,"lofi, chillhop, electronic",happy,2021,24,2.0416666666666665,8
1857780,Sunrise in Limbo - Lofi,Pavle,2021-05-11,153,medium,instrumental,"downtempo, lofi, electronic",abstract,2021,24,2.0416666666666665,8
2056240,Bring The Energy,Energy Music,2023-07-21,112,high,instrumental,"edm, dance",upbeat,2023,26,1.8846153846153846,10
1846870,The Girl I Haven't Met,DreamHeaven,2021-04-05,177,medium,instrumental,"lofi, chillhop",peaceful,2021,24,2.0416666666666665,8
2057569,Chill Trap,Mit-Rich,2023-07-29,176,medium,vocal,"downtempo, electronic, chillout",atmospheric,2023,26,1.8846153846153846,10
1903313,I Need It,Jon Worthy,2021-11-29,233,medium,vocal,"indie, dreampop",soft,2021,24,2.0416666666666665,8
1858465,Beach Sunset,Loufo,2021-05-15,146,medium,instrumental,"lofi, hiphop",peaceful,2021,24,2.0416666666666665,8
2068038,Tana Mao (feat Katya Zlobina),So Far As I Know,2023-09-23,254,low,vocal,"postrock, dreampop",atmospheric,2023,26,1.8846153846153846,10
1885165,Acceptance,Evgenia Kostitsyna,2021-09-14,186,low,instrumental,"neoclassical, classical",melancholic,2021,24,2.0416666666666665,8
1927673,The Prism,Noe Is Not Unique,2022-02-21,236,medium,vocal,"postgrunge, indie, rock",acoustic,2022,20,2.65,6
1830984,Atmospheric Ambient Trip,Music For Show,2021-02-03,177,medium,instrumental,"triphop, electronic, trap",dark,2021,24,2.0416666666666665,8
2204093,Mocha | Slap House Music,Kontraa,2024-09-17,217,high,instrumental,"electrohouse, electronic, house",energetic,2024,24,2.1666666666666665,14
1850569,Thursday,TheQLon,2021-04-22,126,medium,instrumental,"lofi, hiphop",abstract,2021,24,2.0416666666666665,8
1893228,Strait,AnantaSound,2021-10-18,349,unknown,vocal,"electronic, chillout",travel,2021,24,2.0416666666666665,8
1921816,better off alone,Rxbyn,2022-01-31,185,high,vocal,rnb,upbeat,2022,20,2.65,6
1980808,Picture,Arom,2022-10-21,246,medium,vocal,"triphop, electronic, downtempo",psychedelic,2022,20,2.65,6
1881334,Breeziness,Evgenia Kostitsyna,2021-09-08,134,medium,instrumental,"bossanova, jazz, latin",happy,2021,24,2.0416666666666665,8
1861695,Summer Dance,Lart,2021-06-02,140,medium,instrumental,"dance, synthwave",summer,2021,24,2.0416666666666665,8
1835244,soul mood,J. Recinos,2021-02-20,0,medium,instrumental,"downtempo, soul, filmscore",soft,2021,24,2.0416666666666665,8
1929478,My Life,Boulvard X-Audi,2022-03-02,135,medium,vocal,"rnb, hiphop",contemporary,2022,20,2.65,6
1825598,Restful,Solxis,2021-01-22,258,medium,instrumental,"house, electronic",party,2021,24,2.0416666666666665,8
1899708,Pretty Pants,The Happy Somethings,2021-11-21,164,veryhigh,vocal,"indie, rock",contemporary,2021,24,2.0416666666666665,8
2134400,Happy Mistakes,Azwel,2023-11-27,315,medium,vocal,"indie, poprock",acoustic,2023,26,1.8846153846153846,10
1901181,Dont Wait,Soundstatues,2021-11-19,218,unknown,vocal,"indierock, indie, rock",energetic,2021,24,2.0416666666666665,8
1891011,The corn road,Flashinmusic,2021-10-07,145,medium,instrumental,"americana, country, bluesrock",travel,2021,24,2.0416666666666665,8
1929453,Put Me In A Trance,Ed Napoli,2022-03-02,182,medium,vocal,pop,upbeat,2022,20,2.65,6
1880253,I Wish I Knew,Lip Service,2021-08-24,244,low,vocal,folk,love,2021,24,2.0416666666666665,8
1887702,Igor Pumphonia - Skyline,Igor Pumphonia,2021-09-27,265,high,vocal,"house, pop, electronic",groovy,2021,24,2.0416666666666665,8
1848961,Moonlit (feat. Nem Nieves &amp; Jade Gritty),Tab,2021-04-16,190,high,vocal,"downtempo, alternativehiphop, electronic",contemporary,2021,24,2.0416666666666665,8
1822162,Better Days,Jon Worthy,2021-01-13,190,high,vocal,"indie, rock, folk",contemporary,2021,24,2.0416666666666665,8
2039185,Golden Band,45.,2023-07-01,302,medium,vocal,"indie, indierock",acoustic,2023,26,1.8846153846153846,10
2245535,Neon Ghosts,Square a Saw,2025-04-09,187,medium,vocal,electronic,dark,2025,15,3.466666666666667,13
2206420,WALK THRU MY DOOR,GK Menage,2024-10-04,224,low,vocal,"pop, easylistening",love,2024,24,2.1666666666666665,14
1912596,My Garden,Michael Ellis,2022-01-01,202,low,vocal,singersongwriter,peaceful,2022,20,2.65,6
2008796,Into You (Remix) (feat. Tamia),Tom Orlando,2023-02-26,136,medium,vocal,"hiphop, rnb",love,2023,26,1.8846153846153846,10
1935317,Drum and Bass,PeanutSound,2022-03-31,120,high,instrumental,drumnbass,videogame,2022,20,2.65,6
1881189,SACO DE BOXEO,MAKKENZIE,2021-08-29,168,medium,vocal,reggaeton,love,2021,24,2.0416666666666665,8
1900450,wetSkiN RLove,Niki J Crawford,2021-11-16,263,medium,vocal,"singersongwriter, samba, afropop",love,2021,24,2.0416666666666665,8
1883156,Dreamy road,Christian Petermann,2021-09-07,249,high,instrumental,"americana, country, corporate",travel,2021,24,2.0416666666666665,8
2180156,Radiant Waves,Top Flow,2024-05-30,0,medium,instrumental,"chillout, pop, electronic",happy,2024,24,2.1666666666666665,14
1843495,"SE JODIO - Pueto pa lo mio records Presenta - Neycom feat Cacon chilena - (Musica urbana, trap, rap, hiphop)",PUETO PA LO MIO RECORDS,2021-03-22,171,medium,vocal,"rap, latin, hiphop",urban,2021,24,2.0416666666666665,8
2043011,Into The Sky,Lesya NZ,2023-07-11,186,high,instrumental,filmscore,dreamy,2023,26,1.8846153846153846,10
2230315,Wanting and Waiting,Occasionally Humans,2025-01-15,240,medium,vocal,"indie, dreampop",atmospheric,2025,15,3.466666666666667,13
1892202,Virus,Energy Music,2021-10-13,192,medium,vocal,electronic,hybrid,2021,24,2.0416666666666665,8
1849643,Infinite Blanket,Kara Square and Piero Peluche,2021-04-30,190,high,vocal,"indierock, rock",love,2021,24,2.0416666666666665,8
2183646,Addicted,Pokki DJ,2024-06-13,126,high,instrumental,"edm, dance",energetic,2024,24,2.1666666666666665,14
1832246,No Easy Way,The Porch Light Prophets,2021-02-21,243,medium,vocal,"indierock, rock",acoustic,2021,24,2.0416666666666665,8
1849540,Chill,Yummy Sirup,2021-04-17,155,medium,instrumental,"chillout, rnb",abstract,2021,24,2.0416666666666665,8
2067236,BASXHKZIR - Only Alone,BASXHKZIR,2023-09-26,168,medium,vocal,"dance, deephouse",energetic,2023,26,1.8846153846153846,10
1901584,Chill Hip-Hop Lo-Fi,AVANT-BEATS,2021-11-21,149,medium,instrumental,"chillhop, hiphop",vlog,2021,24,2.0416666666666665,8
2182807,Lotus Sky Dreams,Top Flow,2024-06-10,0,medium,instrumental,"dance, asian",uplifting,2024,24,2.1666666666666665,14
1880011,Love Your Life Away,Mercury &amp; The Architects,2021-08-25,219,medium,vocal,pop,upbeat,2021,24,2.0416666666666665,8
1858313,Different,Samie Bower,2021-05-14,167,medium,vocal,"rnb, pop",love,2021,24,2.0416666666666665,8
1925897,Close to me,Suzy E,2022-02-22,189,high,vocal,"pop, indiepop",love,2022,20,2.65,6
2272481,Dont Run Away,Jon Worthy,2025-09-07,166,medium,vocal,"dreampop, indie",love,2025,15,3.466666666666667,13
1841610,Guardian of Power,Grégoire Lourme,2021-03-12,218,high,instrumental,filmscore,epic,2021,24,2.0416666666666665,8
1835298,O Fim da Escuridão,The Rooms,2021-02-19,289,unknown,vocal,"singersongwriter, latin, bossanova",sad,2021,24,2.0416666666666665,8
1878568,Holiday,HRCRX,2021-08-17,164,medium,instrumental,"chillout, electronic",peaceful,2021,24,2.0416666666666665,8
1989321,Poŭnia,Plushka,2022-12-07,193,low,instrumental,"chillout, electronic",peaceful,2022,20,2.65,6
1875816,The Blues,AurbanniAudio,2021-08-03,129,high,instrumental,"jazz, blues",60s,2021,24,2.0416666666666665,8
1901171,Admire (acoustic),Soundstatues,2021-11-19,274,unknown,vocal,"singersongwriter, rock",love,2021,24,2.0416666666666665,8
2131775,Secret of Mana (feat. AURC),Tab,2023-11-14,187,low,instrumental,"triphop, electronic, hiphop",soundscape,2023,26,1.8846153846153846,10
1887697,Igor Pumphonia - Body Rock,Igor Pumphonia,2021-09-27,172,medium,vocal,"house, pop, electronic",lounge,2021,24,2.0416666666666665,8
1862339,Love And Energy,Sevennotes,2021-06-05,122,high,vocal,"house, dance, electronic",energetic,2021,24,2.0416666666666665,8
1935424,Gentle Classical Piano Waltz,Raw Vibrations,2022-03-31,127,medium,instrumental,"waltz, neoclassical",cinematic,2022,20,2.65,6
1893346,Like a Song,Yonder Breaks,2021-10-19,233,veryhigh,vocal,"folk, pop",happy,2021,24,2.0416666666666665,8
2148804,Right Map,Éder,2024-01-21,252,medium,vocal,indie,contemporary,2024,24,2.1666666666666665,14
1864793,Of Strange Lands and People,Talking Cure,2021-06-17,309,medium,vocal,"indie, rock",political,2021,24,2.0416666666666665,8
1971776,We Choose Proven (kbkbts. Remix),Paradeigma,2022-09-26,183,low,instrumental,"lofi, hiphop",soft,2022,20,2.65,6
1924123,No Matter What I Do,Jon Worthy,2022-02-10,261,medium,vocal,indierock,love,2022,20,2.65,6
2040473,Creative Energy,LEXMusic,2023-06-30,129,high,instrumental,"corporate, indiepop",advertising,2023,26,1.8846153846153846,10
1943665,Snow Out,Sayok,2022-05-03,184,medium,instrumental,"chillhop, hiphop",atmospheric,2022,20,2.65,6
1897794,Morning Light,Yigit Atilla,2021-11-07,192,medium,vocal,"chillhop, chillout, rnb",lounge,2021,24,2.0416666666666665,8
1886830,Majestic Epic Trailer (Choir Version),Grégoire Lourme,2021-09-24,168,medium,vocal,"filmscore, trailer",epic,2021,24,2.0416666666666665,8
2139596,Snow,SoulProdMusic,2023-12-18,142,medium,instrumental,"lofi, hiphop, chillhop",peaceful,2023,26,1.8846153846153846,10
2148923,Bigger Picture,Cephas,2024-01-21,279,low,instrumental,lofi,soft,2024,24,2.1666666666666665,14
1902262,New Yak New Yak,Puerto Rock,2021-11-25,218,high,vocal,"hiphop, rap",urban,2021,24,2.0416666666666665,8
1828674,Future Chill,Silent Station,2021-01-30,230,high,vocal,"chillout, electronic",urban,2021,24,2.0416666666666665,8
2038595,BASXHKZIR - Want,BASXHKZIR,2023-06-23,199,medium,vocal,"house, dance, electronic",acoustic,2023,26,1.8846153846153846,10
2181087,Island Breeze,Top Flow,2024-06-03,0,medium,instrumental,"tropicalhouse, electronic, pop",summer,2024,24,2.1666666666666665,14
1947175,No Love to Show,Dayung,2022-05-22,174,medium,vocal,singersongwriter,acoustic,2022,20,2.65,6
1832570,Sexy Beat,SoulProdMusic,2021-02-07,153,medium,instrumental,"hiphop, rnb",sexy,2021,24,2.0416666666666665,8
1863052,Cheers To The View,Mercury &amp; The Architects,2021-06-09,161,high,vocal,"alternativehiphop, rnb, pop",vocal,2021,24,2.0416666666666665,8
2217092,Come On,Doc Hartley,2024-11-16,235,medium,vocal,"indierock, poprock",love,2024,24,2.1666666666666665,14
1825610,Rome (Capricorn),RENAE,2021-01-22,217,medium,vocal,"pop, electropop, indiepop",acoustic,2021,24,2.0416666666666665,8
1885134,LEEONA – Ready For Love (Radio Version),Zara Arshakian,2021-09-14,194,high,vocal,"house, electropop, electronic",sexy,2021,24,2.0416666666666665,8
2286580,Perfect for Each Other (35XAlive Mix),DJ35X,2025-11-21,161,medium,vocal,"synthpop, pop",love,2025,15,3.466666666666667,13
1899121,Broken Space,Boulvard X-Audi,2021-11-11,161,medium,instrumental,"downtempo, electronic, coldwave",urban,2021,24,2.0416666666666665,8
1937293,Mathias Hagen - Moonwalker (Radio Edit),Mathias Hagen,2022-04-05,254,high,vocal,"electropop, electronic, pop",upbeat,2022,20,2.65,6
1893360,Kids Happy,SoundForYou,2021-10-18,118,medium,instrumental,"corporate, folk, kidsquirky",children,2021,24,2.0416666666666665,8
1884653,Im losing it,Boulvard X-Audi,2021-09-12,175,medium,vocal,"alternativernb, rnb, indie",emotional,2021,24,2.0416666666666665,8
1891847,Claude Debussy Arabesque 1,Abydos Music,2021-10-11,221,medium,instrumental,classical,dreamy,2021,24,2.0416666666666665,8
1851935,Gypsy Romance,GYPSY SUMMER,2021-04-25,239,medium,instrumental,"latinjazz, jazz, latin",peaceful,2021,24,2.0416666666666665,8
2163964,Tears,Aminolen,2024-03-21,332,medium,instrumental,"electronic, futurebass",atmospheric,2024,24,2.1666666666666665,14
1864219,Lo-fi Type Beat,PeryCreep,2021-06-15,165,low,instrumental,"chillhop, hiphop, lofi",peaceful,2021,24,2.0416666666666665,8
1920366,Anomaly Villain,MaC Asylum,2022-01-27,166,medium,vocal,hiphop,urban,2022,20,2.65,6
1934819,A Promise In The Air,Fatima Mhedden,2022-03-29,177,low,instrumental,"contemporarypiano, newage",film,2022,20,2.65,6
1912589,MKHLSDRV — Dream atmosphere,MKHLSDRV,2022-01-01,291,medium,vocal,"deephouse, house",atmospheric,2022,20,2.65,6
2161887,Bossa Guitar Triphop with Brazil Vocals,Joel Loopez,2024-03-14,187,unknown,vocal,bossanova,travel,2024,24,2.1666666666666665,14
1921995,Remedy,Bessonn&amp;sa,2022-01-31,198,medium,vocal,pop,emotional,2022,20,2.65,6
1879584,underground,AKS&amp;El project,2021-08-21,178,high,vocal,"deephouse, electronic, techno",party,2021,24,2.0416666666666665,8
1899958,Gold Sequence - Movement of Life (Original Mix),Sound Creator,2021-11-16,221,high,instrumental,"trance, electronic",energetic,2021,24,2.0416666666666665,8
1985993,Easy Joy,Olepash,2022-11-20,231,medium,instrumental,"jazz, bossanova",acoustic,2022,20,2.65,6
1823868,Igor Pumphonia - Hard To Love (Dub),Igor Pumphonia,2021-01-15,203,medium,instrumental,"chillout, pop, electronic",lounge,2021,24,2.0416666666666665,8
1885444,Gypsy session,Christian Petermann,2021-09-16,214,veryhigh,instrumental,"gypsy, jazz, world",happy,2021,24,2.0416666666666665,8
1920257,Winter Dream,Nargo,2022-01-26,297,verylow,instrumental,ambient,meditative,2022,20,2.65,6
2021883,Take What You Want From me,Jon Worthy,2023-04-13,165,veryhigh,vocal,"alternativerock, rock",action,2023,26,1.8846153846153846,10
2224073,Ooh,THE SAME PERSONS,2024-12-18,120,medium,vocal,"synthpop, synthwave, pop",80s,2024,24,2.1666666666666665,14
1880505,Dont Wanna Walk Away,Ed Napoli,2021-08-25,150,medium,vocal,"rnb, pop",emotional,2021,24,2.0416666666666665,8
1834334,"Fantasia No.4, misterioso",Philipp Conta,2021-02-14,180,medium,instrumental,"classical, neoclassical",melancholic,2021,24,2.0416666666666665,8
1977506,Road Rage,Remy Bourgeois,2022-10-04,238,high,instrumental,"electronic, trance",videogame,2022,20,2.65,6
2207896,Persimmon,Pierce Murphy,2024-10-03,167,high,vocal,"jazz, smoothjazz",contemporary,2024,24,2.1666666666666665,14
1883554,Get the flow,Beat scientists,2021-09-09,124,low,vocal,"dubstep, electronic",videogame,2021,24,2.0416666666666665,8
2146312,Synthwave Phonk,Janevo,2024-01-11,156,unknown,vocal,"hiphop, synthwave",urban,2024,24,2.1666666666666665,14
2145394,Im Sorry,Jon Worthy,2024-01-11,232,high,vocal,alternativepop,love,2024,24,2.1666666666666665,14
1831235,Just Evil,Energy Music,2021-02-04,224,medium,vocal,"electronic, industrial",videogame,2021,24,2.0416666666666665,8
2285379,Echoes,Square a Saw,2025-11-14,196,medium,vocal,electropop,contemporary,2025,15,3.466666666666667,13
2235126,Echoes from Afar,Sayok,2025-02-13,235,medium,instrumental,"downtempo, electronic, chillout",emotional,2025,15,3.466666666666667,13
1948027,Always Young,Olepash,2022-05-26,207,medium,instrumental,"jazz, smoothjazz",lounge,2022,20,2.65,6
1859500,Reign of the Phoenix (Choir Version),Grégoire Lourme,2021-05-21,296,medium,vocal,"filmscore, trailer",epic,2021,24,2.0416666666666665,8
1902896,Fantasy Prelude #8,Carlos Marquez,2021-11-27,247,verylow,instrumental,"neoclassical, classical",film,2021,24,2.0416666666666665,8
1864205,Benz Truck ft. Swagg Milly,Ralph Da God,2021-06-15,193,high,vocal,"hiphop, trap",acoustic,2021,24,2.0416666666666665,8
1871322,Miracle To Me,Jon Ross,2021-07-12,263,medium,vocal,"singersongwriter, adultcontemporary",love,2021,24,2.0416666666666665,8
2029209,I Just Can't Get Enough You,noexit.,2023-05-08,209,medium,vocal,"electronic, deephouse",love,2023,26,1.8846153846153846,10
1965502,il colibri,christo4us,2022-08-12,172,high,instrumental,"contemporarypiano, newage",film,2022,20,2.65,6
2148511,2Night,Samie Bower,2024-01-19,217,unknown,vocal,"pop, dance",energetic,2024,24,2.1666666666666665,14
1875136,Hopeful Uplifting Inspirational Cinematic (Version 1),makesound,2021-08-04,177,high,unknown,"filmscore, classical",love,2021,24,2.0416666666666665,8
1898281,IsoNation drum and bass,Timofiy Starenkov,2021-11-22,222,high,instrumental,"neurofunk, electronic, drumnbass",aggressive,2021,24,2.0416666666666665,8
1885033,Desert Gardens,Kosash,2021-09-13,165,high,instrumental,"world, ambient, folk",travel,2021,24,2.0416666666666665,8
1885439,April rain,Christian Petermann,2021-09-16,218,medium,instrumental,"jazz, gypsy",happy,2021,24,2.0416666666666665,8
1847810,Need That,J1S,2021-04-09,179,medium,vocal,"hiphop, gangstarap",dark,2021,24,2.0416666666666665,8
1821785,Igor Pumphonia - Silly Game,Igor Pumphonia,2021-01-06,252,medium,vocal,"house, dance, electronic",energetic,2021,24,2.0416666666666665,8
1912616,Do it and it is done,Michael Ellis,2022-01-01,221,medium,vocal,"poprock, pop",happy,2022,20,2.65,6
1833212,Veronika Kosh - Booty (Original),Veronica,2021-02-10,188,high,vocal,"electropop, dance",happy,2021,24,2.0416666666666665,8
1823858,Braided Heart,Luke Davids,2021-01-18,148,medium,vocal,"singersongwriter, folk",love,2021,24,2.0416666666666665,8
1917024,Dorila y Mello,Popoi,2022-01-16,165,low,instrumental,"chillhop, hiphop",soft,2022,20,2.65,6
2204067,The Mad Lover,Talking Cure,2024-09-17,173,medium,vocal,indie,strange,2024,24,2.1666666666666665,14
1953916,In Between,Kinematic,2022-06-24,150,low,vocal,"singersongwriter, folk",acoustic,2022,20,2.65,6
1891394,Fluorescence,Polytronik,2021-10-09,206,high,instrumental,"drumnbass, electronic",atmospheric,2021,24,2.0416666666666665,8
1889381,War (Epic Battle Trailer),Energysound,2021-10-02,154,medium,instrumental,"filmscore, trailer",epic,2021,24,2.0416666666666665,8
1906544,Ambient Harp,Raw Vibrations,2021-12-10,396,verylow,instrumental,"newage, ambient",meditation,2021,24,2.0416666666666665,8
1859600,Charisma,Denys Rybkin,2021-05-21,212,medium,instrumental,"neoclassical, classical",melancholic,2021,24,2.0416666666666665,8
1856949,Like Leaves In The Wind,Sevennotes,2021-05-08,151,medium,instrumental,"chillout, electronic",lounge,2021,24,2.0416666666666665,8
1837312,You Can Do Anything,MyWay,2021-02-23,0,medium,instrumental,"corporate, indierock, indie",happy,2021,24,2.0416666666666665,8
1879815,Energetic Drum and Bass,AVANT-BEATS,2021-08-22,145,high,vocal,"drumnbass, electronic",energetic,2021,24,2.0416666666666665,8
1861551,Pixel Hunt,Paul Werner,2021-06-01,160,medium,instrumental,"8bit, electronic",videogame,2021,24,2.0416666666666665,8
1919555,Volemos Juntos Piano solo Instrumental,Luxius,2022-01-25,130,medium,instrumental,"contemporarypiano, newage",romantic,2022,20,2.65,6
1876316,Chill Lofi Hiphop (Full Seamless Loop),Joel Loopez,2021-08-05,205,low,instrumental,"chillhop, loop, lofi",soft,2021,24,2.0416666666666665,8
2168462,Muito Love,Ed Napoli,2024-04-16,120,medium,vocal,latin,love,2024,24,2.1666666666666665,14
1872178,Romantic Piano,Sound Creator,2021-07-15,144,low,instrumental,"contemporarypiano, newage",film,2021,24,2.0416666666666665,8
1886751,YOU AND I,Bessonn&amp;sa,2021-09-23,198,medium,vocal,"electropop, pop",love,2021,24,2.0416666666666665,8
1852886,Upbeat Groove,Nilly Nell,2021-04-27,125,high,instrumental,"poprock, pop",fun,2021,24,2.0416666666666665,8
1885799,Bruwynn,The Mind Orchestra,2021-09-21,1298,low,vocal,ambient,inspirational,2021,24,2.0416666666666665,8
1867076,Relaxing Zen Music 432Hz,Raw Vibrations,2021-06-27,332,verylow,instrumental,"ambient, production, musicbed",peaceful,2021,24,2.0416666666666665,8
1935928,foolish Things,GrayMic,2022-04-01,283,verylow,instrumental,jazz,lounge,2022,20,2.65,6
1821388,Memento (Piano Arpeggios),pinegroove,2021-01-05,157,medium,instrumental,neoclassical,emotional,2021,24,2.0416666666666665,8
1847858,Mahidevran - Holy sun,Mahidevran Rock Band,2021-04-09,419,medium,vocal,"hardrock, rock",powerful,2021,24,2.0416666666666665,8
1880804,Soundbathing - Chill Lo-Fi Hip-Hop,Berool,2021-08-27,138,medium,instrumental,"chillhop, lofi, electronic",urban,2021,24,2.0416666666666665,8
1896735,Effects of Elevation (Citizen Prime Remix),Revolution Void,2021-11-02,443,high,instrumental,"progressivehouse, electronic",energetic,2021,24,2.0416666666666665,8
1929483,Keep Your Honey,CrumbSnatchers,2022-03-10,260,high,vocal,indiepop,retro,2022,20,2.65,6
1861748,Connect with your origin,Dani Molina,2021-06-02,213,medium,instrumental,"filmscore, asian, classical",film,2021,24,2.0416666666666665,8
1820412,Just like her,Michael Ellis,2021-01-01,152,medium,vocal,"indiepop, pop, singersongwriter",love,2021,24,2.0416666666666665,8
1834824,Beautiful Sleep Music,Bulbasound,2021-02-16,404,verylow,instrumental,"ambient, newage",peaceful,2021,24,2.0416666666666665,8
1883515,Folk Acoustic Ukulele Kids,ForestMusic,2021-09-09,145,high,instrumental,"corporate, folk, bluegrass",happy,2021,24,2.0416666666666665,8
1880506,Bailar Contigo,Ed Napoli,2021-08-25,153,high,vocal,"reggaeton, latin, pop",sexy,2021,24,2.0416666666666665,8
1824715,My heart,Ed Napoli,2021-01-18,148,high,vocal,"dance, pop",love,2021,24,2.0416666666666665,8
1878274,breath of time,Sylwar,2021-08-15,268,medium,instrumental,"chillout, electronic",lounge,2021,24,2.0416666666666665,8
1880551,MLDJ - Illusion,MLDJ,2021-08-26,489,high,instrumental,"progressivehouse, dance, electronic",party,2021,24,2.0416666666666665,8
2125539,MLDJ - Piece of Goodness (Radio Mix),MLDJ,2023-10-17,248,high,instrumental,"progressivehouse, house",party,2023,26,1.8846153846153846,10
1861735,GET IT,Archangeur,2021-06-02,219,high,vocal,"hiphop, rap",vocal,2021,24,2.0416666666666665,8
1821526,You. Me. Talk. Now.,Forget the Whale,2021-01-05,312,high,vocal,"americana, indierock",upbeat,2021,24,2.0416666666666665,8
2124073,Does she not,Boukmanflow,2023-10-09,178,medium,vocal,"hiphop, rnb",acoustic,2023,26,1.8846153846153846,10
1881430,Lo-fi hip-hop jazz Green Hills phonk beats relax music,SaturdayBeats,2021-08-31,137,low,instrumental,"lofi, hiphop, downtempo",soft,2021,24,2.0416666666666665,8
1916038,January Moves in Me,The Vow,2022-01-12,169,medium,vocal,"symphonic, pop",melancholic,2022,20,2.65,6
2207004,Lounge Lo-Fi,Lowtone Music,2024-10-01,127,low,instrumental,"lofi, chillout, hiphop",soft,2024,24,2.1666666666666665,14
2214291,Cool Cat,Fat City Reprise,2024-11-04,207,high,vocal,rock,energetic,2024,24,2.1666666666666665,14
1930026,Up To Us (feat. Janie Bay),I Am November,2022-03-05,202,medium,vocal,"pop, alternativepop, alternativernb",love,2022,20,2.65,6
1878056,The stars are shining bright,Flashinmusic,2021-08-14,158,high,instrumental,"chillhop, electronic, hiphop",dreamy,2021,24,2.0416666666666665,8
1880621,Phonon,Zeropage,2021-08-26,539,medium,vocal,"downtempo, electronic, ambient",nature,2021,24,2.0416666666666665,8
1877885,Sunset,Sweed beats,2021-08-13,0,unknown,instrumental,"chillhop, hiphop, lofi",peaceful,2021,24,2.0416666666666665,8
1843540,How Can You Exist?,Smoking With Poets,2021-03-19,249,medium,vocal,"indiepop, pop, indie",dark,2021,24,2.0416666666666665,8
2251909,Pequeñas Victorias,Living Camboya,2025-05-06,294,high,vocal,"funk, poprock",contemporary,2025,15,3.466666666666667,13
1906900,Smoke break,Dal Studio,2021-12-12,140,medium,instrumental,"jazzfusion, jazz, latin",romantic,2021,24,2.0416666666666665,8
1918729,River of time,Pavel Kraskoff,2022-01-24,176,low,instrumental,"contemporarypiano, newage",film,2022,20,2.65,6
1849289,Daydreamer,Stefan Kartenberg,2021-04-15,211,verylow,instrumental,newage,emotional,2021,24,2.0416666666666665,8
2201203,Chill Lounge Lofi Beat,Crystal Wave,2024-09-05,284,low,instrumental,"lofi, hiphop",soft,2024,24,2.1666666666666665,14
1896515,Mediterranean nostalgia,Luis Zunel,2021-11-01,204,high,instrumental,"newage, latinjazz, downtempo",travel,2021,24,2.0416666666666665,8
2035876,Words of Love,DHDMusic,2023-06-08,160,verylow,instrumental,filmscore,love,2023,26,1.8846153846153846,10
1968671,JekK - The Sky is Gone,JekK,2022-08-29,152,unknown,vocal,"dance, electronic",energetic,2022,20,2.65,6
2148563,Rhythms of Love,Caleb Lemond,2024-01-19,252,medium,vocal,"folk, indiepop",acoustic,2024,24,2.1666666666666665,14
1847969,Caught-off-guard,PTOWN1200,2021-04-10,167,medium,vocal,"hiphop, gangstarap",contemporary,2021,24,2.0416666666666665,8
1864256,Channeling,MauMouse,2021-06-15,130,medium,instrumental,"neoclassical, contemporarypiano, filmscore",emotional,2021,24,2.0416666666666665,8
1856181,Hip-Hop Trap,Royalty Free Music,2021-05-05,191,medium,instrumental,"trap, hiphop",urban,2021,24,2.0416666666666665,8
2206210,Chillhop,AVANT-BEATS,2024-09-25,206,medium,instrumental,"chillhop, hiphop",urban,2024,24,2.1666666666666665,14
1944500,Bluesy Bucket By the Rolls,Vito De Curl,2022-05-07,278,medium,vocal,"bluesrock, rock",acoustic,2022,20,2.65,6
1874904,Summer Rain,Stereoalex,2021-07-29,0,low,instrumental,ambient,atmospheric,2021,24,2.0416666666666665,8
1878563,Silky Smooth,Lofi Lopez,2021-08-17,184,unknown,instrumental,"chillhop, hiphop",abstract,2021,24,2.0416666666666665,8
1908705,Bach Ave Maria Jazz Piano,ABSounds,2021-12-16,159,medium,instrumental,"christian, classical",emotional,2021,24,2.0416666666666665,8
1843377,Jazzfi,DJ Nelson,2021-03-19,168,medium,vocal,"lofi, jazz",soft,2021,24,2.0416666666666665,8
1869796,Carbon Casca - Coming Up (Feat. Gee Flaggz),Carbon Casca,2021-07-07,226,medium,vocal,"hiphop, trap",acoustic,2021,24,2.0416666666666665,8
2197221,Zen Odyssey alt mix,TaigaSoundProd,2024-08-24,183,medium,instrumental,"newage, electronic",ethno,2024,24,2.1666666666666665,14
2032068,2. Kuban Cossack Song : For Accordion Duo,Michał Jałochowski,2023-05-20,486,high,instrumental,world,travel,2023,26,1.8846153846153846,10
1923938,Ass Like That,Kandsteyl,2022-02-08,232,medium,vocal,"electronic, dance",adult,2022,20,2.65,6
1843980,Smooth,Fortadelis,2021-03-21,298,high,instrumental,"electronic, progressivehouse, techno",dark,2021,24,2.0416666666666665,8
1978409,Into The Night,The Spin Wires,2022-10-07,182,high,vocal,"punk, alternativerock",energetic,2022,20,2.65,6
2060738,Chocolate Drops,Energy Music,2023-08-14,116,high,instrumental,"edm, dance",energetic,2023,26,1.8846153846153846,10
1851154,Ambient Background,cleanmindstudio,2021-04-23,130,low,instrumental,"corporate, downtempo",soft,2021,24,2.0416666666666665,8
1886052,Illusions,Nostal,2021-09-19,180,medium,instrumental,"chillhop, ambient, downtempo",peaceful,2021,24,2.0416666666666665,8
1870408,Just Tryna Dance,Ed Napoli,2021-07-09,155,unknown,vocal,dance,party,2021,24,2.0416666666666665,8
2004229,Melodic Techno,Jackson Frost,2023-02-05,199,high,instrumental,"progressivehouse, techno",uplifting,2023,26,1.8846153846153846,10
1866158,Young Love,James Bell,2021-06-25,205,low,vocal,"singersongwriter, folk",love,2021,24,2.0416666666666665,8
1888442,What You Need,BoroSan,2021-09-29,236,high,vocal,"house, techno, electronic",party,2021,24,2.0416666666666665,8
2208995,Igor Pumphonia - The Other Way (2nd Version),Igor Pumphonia,2024-10-08,202,medium,vocal,"downtempo, electronic, chillout",atmospheric,2024,24,2.1666666666666665,14
1886585,UNLIMITED ( Lo-Fi Type Beat ),NNDEJOTA,2021-09-22,205,medium,instrumental,"chillhop, hiphop, lofi",urban,2021,24,2.0416666666666665,8
2132711,After Us,FROMSKYTOABYSS,2023-11-20,311,medium,vocal,"metal, rock",acoustic,2023,26,1.8846153846153846,10
1892348,Georgetown Cafe,Popoi,2021-10-13,148,low,instrumental,"chillhop, electronic, hiphop",lounge,2021,24,2.0416666666666665,8
1861689,summer,Nadejda Donec,2021-06-02,220,medium,vocal,dance,happy,2021,24,2.0416666666666665,8
1897397,My Bike,Energy Music,2021-11-05,155,high,instrumental,"corporate, rock, indierock",sport,2021,24,2.0416666666666665,8
1932514,Because,Fatima Mhedden,2022-03-17,255,medium,vocal,"singersongwriter, pop",contemporary,2022,20,2.65,6
1901854,Mesmerized,Angus &amp; Friends,2021-11-22,470,high,instrumental,"jazz, corporate",happy,2021,24,2.0416666666666665,8
1885851,No No,JO.BITE,2021-09-19,208,high,instrumental,"jazz, bebop",lounge,2021,24,2.0416666666666665,8
1978373,Brighter Than The Sky,Manfred Merkel,2022-10-07,417,high,vocal,"trance, edm",emotional,2022,20,2.65,6
1876413,Kibeatzer and Nick Ray - Shells of Men (Future Bounce Remix),Nick Ray,2021-08-06,206,high,vocal,"edm, electronic, futurebass",acoustic,2021,24,2.0416666666666665,8
1894100,Female Ethnic Vocal Epic Fantasy,Carlos Estella,2021-10-20,140,medium,vocal,filmscore,emotional,2021,24,2.0416666666666665,8
2145581,U Make Me,Neon Movement,2024-01-08,213,high,vocal,"techno, electrohouse",energetic,2024,24,2.1666666666666665,14
1880309,Atmospheric Chill,Lart,2021-08-24,159,medium,vocal,"chillout, electronic",peaceful,2021,24,2.0416666666666665,8
1969660,"Pyre (feat.Happy Little Accidents,Jade Gritty &amp; Aurc)",Tab,2022-09-03,192,low,vocal,"chillout, electronic, downtempo",serene,2022,20,2.65,6
1895179,Runaway,Back On Earth,2021-10-28,177,high,vocal,"rock, emo",emotional,2021,24,2.0416666666666665,8
2041855,Let The Sunshine In,Dreadpool,2023-07-04,178,medium,vocal,hiphop,urban,2023,26,1.8846153846153846,10
1971779,Воскресенье День Сомнений (Jukrainian Remix),Paradeigma,2022-09-26,298,medium,vocal,electronic,strange,2022,20,2.65,6
1924061,San Francisco,Suzy E,2022-02-09,178,low,instrumental,"jazz, smoothjazz",traditional,2022,20,2.65,6
1897172,All the Colours,Arto Kumanto,2021-11-04,233,medium,instrumental,"contemporarypiano, jazzfusion, corporate",travel,2021,24,2.0416666666666665,8
1895919,Love It That Way (feat. Eryn Young) [Radio Edit],Tom Orlando,2021-10-29,190,medium,vocal,"alternativehiphop, pop, hiphop",love,2021,24,2.0416666666666665,8
1861729,Funky City,Kosash,2021-06-02,166,high,instrumental,dance,fitness,2021,24,2.0416666666666665,8
1846877,Hermosa,Madì - Composer,2021-04-05,187,high,instrumental,"latin, filmscore",traditional,2021,24,2.0416666666666665,8
1898005,Vlog Hip Hop (Full Version),Vicate,2021-11-07,126,medium,vocal,"lofi, chillhop, rnb",vlog,2021,24,2.0416666666666665,8
1910555,Colors,Kuzinmuzin,2021-12-25,176,high,vocal,"electropop, pop, funk",happy,2021,24,2.0416666666666665,8
1855932,January Summer,Stefan Kartenberg,2021-05-05,183,high,instrumental,"latin, jazz",summer,2021,24,2.0416666666666665,8
1875473,By The Ocean,Stereoalex,2021-08-02,420,low,instrumental,ambient,soft,2021,24,2.0416666666666665,8
1862935,Step Into The Light-Calm Atmospheric Peaceful,BDKSonic,2021-06-08,223,low,instrumental,"ambient, filmscore",peaceful,2021,24,2.0416666666666665,8
1882883,100% Housegemacht,Mike Huckebein,2021-09-06,315,high,instrumental,"techno, electronic, house",party,2021,24,2.0416666666666665,8
1924052,Alone in Paris,Suzy E,2022-02-09,181,medium,instrumental,"jazz, smoothjazz",traditional,2022,20,2.65,6
1967132,Lean,Levyroad,2022-08-23,189,unknown,vocal,"indierock, rock",vocal,2022,20,2.65,6
1835782,Shades of purple,zero-project,2021-02-19,330,verylow,instrumental,"chillout, electronic",lounge,2021,24,2.0416666666666665,8
1900642,Drone Ambient,TheQLon,2021-11-18,201,low,instrumental,"ambient, chillout",nature,2021,24,2.0416666666666665,8
1918753,Igor Pumphonia feat. EVVA Music - Wind in Head (Dub),Igor Pumphonia,2022-01-22,206,high,instrumental,"house, electronic",lounge,2022,20,2.65,6
1878470,Travel (k21),AVANEA,2021-08-16,639,high,instrumental,"progressivehouse, electronic, house",travel,2021,24,2.0416666666666665,8
1870140,Cerebro reptiliano(Prod.K.El Nigromante),Edfish,2021-07-08,224,unknown,vocal,"hiphop, rap",dark,2021,24,2.0416666666666665,8
2165382,A Terra Que Há de Haver Além do Mar,Túlio Borges,2024-03-26,204,unknown,vocal,"singersongwriter, world",vocal,2024,24,2.1666666666666665,14
1901624,Epicness Dramatic Soundtrack,cleanmindstudio,2021-11-21,168,medium,instrumental,"filmscore, trailer",epic,2021,24,2.0416666666666665,8
1873393,MCO - Universe,Marco Margna,2021-07-21,157,high,vocal,"electrohouse, edm",energetic,2021,24,2.0416666666666665,8
1816310,Like The Wind,Jon Worthy,2021-01-09,241,medium,vocal,"indie, reggae, classicrock",love,2021,24,2.0416666666666665,8
1843900,FREE21,MAGMA,2021-03-20,170,veryhigh,vocal,"hiphop, rap",melancholic,2021,24,2.0416666666666665,8
1855777,Life in motion,iNDEX,2021-05-04,392,medium,instrumental,"techno, deephouse, electronic",party,2021,24,2.0416666666666665,8
1896898,Mirtixeddu,Giorgio Ghiglieri,2021-11-03,252,medium,instrumental,jazz,podcast,2021,24,2.0416666666666665,8
1885853,Streets Of Everything,JO.BITE,2021-09-19,213,high,instrumental,"jazz, bebop",improvisation,2021,24,2.0416666666666665,8
1835982,BB4,av infinity sound,2021-02-20,358,high,vocal,"techno, electronic",psychedelic,2021,24,2.0416666666666665,8
2130959,Vertigo,RIZA music,2023-11-13,192,medium,vocal,"downtempo, electronic",abstract,2023,26,1.8846153846153846,10
1882920,Electric Vibes,Marco Droetto,2021-09-06,167,low,vocal,"rock, alternativerock, filmscore",cinematic,2021,24,2.0416666666666665,8
1897375,Entrèe de Polymnie,Oscar Avila,2021-11-05,416,verylow,instrumental,baroque,inspirational,2021,24,2.0416666666666665,8
1920013,Mazurka | Classical Piano Music,The Piano Lady (Lena Orsa),2022-01-25,120,medium,instrumental,classical,film,2022,20,2.65,6
1843426,Blood Brothers,The Manky Gnu,2021-03-19,276,unknown,vocal,"singersongwriter, rock",contemporary,2021,24,2.0416666666666665,8
1886644,The Storm,Energy Music,2021-09-23,144,medium,instrumental,"filmscore, trailer",epic,2021,24,2.0416666666666665,8
1831127,Piano In Love,Raw Vibrations,2021-02-03,184,verylow,instrumental,"newage, neoclassical, musicbed",love,2021,24,2.0416666666666665,8
1901424,Tomorrow Without Guns,Roy Smiles,2021-11-21,205,high,vocal,singersongwriter,political,2021,24,2.0416666666666665,8
1907130,solemn nocturne,Ilia Kutepov,2021-12-13,138,medium,instrumental,"contemporarypiano, neoclassical, newage",film,2021,24,2.0416666666666665,8
1827935,POR JUGAR CON FUEGO,Lessky,2021-01-28,251,unknown,vocal,"pop, latin",love,2021,24,2.0416666666666665,8
2131532,Funeral party,KERRY,2023-11-13,155,unknown,vocal,indiepop,acoustic,2023,26,1.8846153846153846,10
1890385,Ambient Meditation,Alexis Music,2021-10-04,336,low,instrumental,ambient,meditation,2021,24,2.0416666666666665,8
1864235,Summer Dance Pop Sax,Nargo,2021-06-15,163,high,instrumental,dance,summer,2021,24,2.0416666666666665,8
1862920,Resonnance,Mickael Huchet,2021-06-08,197,medium,instrumental,"ambient, filmscore",retro,2021,24,2.0416666666666665,8
1820640,Cinematic Emotional Trailer,Marc Corominas Pujadó,2021-01-02,139,medium,instrumental,"filmscore, symphonic, classical",wedding,2021,24,2.0416666666666665,8
1845624,ARMA,Speaker System,2021-03-30,191,high,vocal,"electrohouse, electronic, house",energetic,2021,24,2.0416666666666665,8
1888674,Igor Pumphonia - Love's Insanity,Igor Pumphonia,2021-09-29,174,medium,vocal,"pop, chillout",retro,2021,24,2.0416666666666665,8
1886536,That girl,Taras Stanin,2021-09-22,431,high,vocal,"electropop, indietronica, indie",sexy,2021,24,2.0416666666666665,8
1885848,Four Jam,JO.BITE,2021-09-19,182,high,instrumental,"jazz, bebop",improvisation,2021,24,2.0416666666666665,8
1921292,Movin On,Mark Dorricott,2022-01-29,263,unknown,vocal,jazz,lounge,2022,20,2.65,6
1879748,Midnight - A. Kovalenko (guitar),Андрей Коваленко,2021-08-22,153,low,instrumental,"classical, latin, folk",peaceful,2021,24,2.0416666666666665,8
1886718,A Cup Of Warm Tea,JO.BITE,2021-09-23,192,medium,instrumental,"jazz, bebop",lounge,2021,24,2.0416666666666665,8
1829567,Lounge Beat (Main Version),Silent Station,2021-02-01,128,low,vocal,"chillout, electronic",lounge,2021,24,2.0416666666666665,8
1885850,Why We,JO.BITE,2021-09-19,219,high,instrumental,"jazz, bebop",improvisation,2021,24,2.0416666666666665,8
1885857,Run Fast,JO.BITE,2021-09-19,208,high,instrumental,"jazz, bebop",improvisation,2021,24,2.0416666666666665,8
1866435,Africa,Mickael Huchet,2021-06-24,132,medium,instrumental,"afrobeat, african",happy,2021,24,2.0416666666666665,8
1857231,Agharta,Vince van Soth,2021-05-09,250,high,instrumental,"trance, electronic",psychedelic,2021,24,2.0416666666666665,8
1885849,Beats,JO.BITE,2021-09-19,192,high,instrumental,"bebop, jazz",lounge,2021,24,2.0416666666666665,8
2176431,Tab + Anitek - Brain Box,Anitek,2024-05-13,157,medium,vocal,"hiphop, reggae",urban,2024,24,2.1666666666666665,14
2006912,Goodbar Good Night,The Spin Wires,2023-02-17,195,high,vocal,"poprock, rock",energetic,2023,26,1.8846153846153846,10
1865833,Loud.drop - Real,Loud.drop,2021-06-24,230,high,vocal,"electrohouse, electronic, house",acoustic,2021,24,2.0416666666666665,8
1879812,Abstract Dance,AVANT-BEATS,2021-08-22,134,high,vocal,"breakbeat, electronic, dance",fun,2021,24,2.0416666666666665,8
1827393,Wundersames Versteckspiel,Ronny Matthes - Pianist und Komponist (GEMA-frei / Royalty Free),2021-02-04,125,high,instrumental,neoclassical,peaceful,2021,24,2.0416666666666665,8
1863084,Modern Funk Upbeat,Joel Loopez,2021-06-09,151,medium,instrumental,"funk, downtempo, afrobeat",groovy,2021,24,2.0416666666666665,8
1845836,Covid20,Nazar Hrushko,2021-03-30,192,high,vocal,"drumnbass, electronic",energetic,2021,24,2.0416666666666665,8
1885463,Tamanchini,Christian Petermann,2021-09-16,301,medium,instrumental,"smoothjazz, jazz",lounge,2021,24,2.0416666666666665,8
2146026,Lay Down,Oleg Xaler,2024-01-09,182,high,vocal,techno,energetic,2024,24,2.1666666666666665,14
1844531,Summer House Anthem,Drop Department,2021-03-23,140,high,vocal,"electrohouse, electronic, house",party,2021,24,2.0416666666666665,8
1836583,Minimal Mouse,Arto Kumanto,2021-02-21,241,high,instrumental,"techno, electronic",minimal,2021,24,2.0416666666666665,8
1859695,Electro Annihilation,Vitality,2021-05-21,167,medium,instrumental,electronic,videogame,2021,24,2.0416666666666665,8
2239389,Welcome Home,Soundstatues,2025-03-12,228,unknown,vocal,"indie, rock",contemporary,2025,15,3.466666666666667,13
1850466,Hot AF feat. E Twiss,Alfonso Lugo,2021-04-26,227,high,vocal,"hiphop, latin",adult,2021,24,2.0416666666666665,8
1865036,Livingston,J. Recinos,2021-06-19,137,unknown,instrumental,"zouk, afrobeat, afropop",dreamy,2021,24,2.0416666666666665,8
1936726,Emptiness (Original Mix),Sun Spot,2022-04-04,288,medium,instrumental,"ambient, drone",peaceful,2022,20,2.65,6
1895377,Igor Pumphonia - I Swear,Igor Pumphonia,2021-10-27,273,high,vocal,"house, electronic",emotional,2021,24,2.0416666666666665,8
1913272,Igor Pumphonia - Let's Talk About Love (Dub),Igor Pumphonia,2022-01-04,207,high,instrumental,"house, electronic",lounge,2022,20,2.65,6
1888863,03_Double_dream,Botanica magia,2021-09-30,407,medium,instrumental,ambient,nature,2021,24,2.0416666666666665,8
1871566,Motivational Epic Trailer (Full),Sound Creator,2021-07-13,152,medium,instrumental,filmscore,action,2021,24,2.0416666666666665,8
2106810,We Love The Holidays,pinegroove,2023-10-03,172,high,vocal,"jazz, swing",christmas,2023,26,1.8846153846153846,10
2215829,What U Be Doin,Samie Bower,2024-11-12,296,unknown,vocal,"rnb, alternativernb",love,2024,24,2.1666666666666665,14
1892925,Osaku (Chillhop mix),Vandit,2021-10-16,204,verylow,instrumental,"lofi, hiphop, chillhop",acoustic,2021,24,2.0416666666666665,8
1824995,Бармен,Efna,2021-01-19,232,medium,vocal,"bluesrock, pop, soul",sexy,2021,24,2.0416666666666665,8
2135872,Seeds,Yonder Breaks,2023-12-01,196,high,vocal,"singersongwriter, folk",happy,2023,26,1.8846153846153846,10
1833157,Sexy Blues,pinegroove,2021-02-10,199,high,instrumental,"blues, smoothjazz",sexy,2021,24,2.0416666666666665,8
2127638,Enchanters Nightshade,The Mind Orchestra,2023-11-10,363,medium,vocal,"ambient, experimental",acoustic,2023,26,1.8846153846153846,10
1831040,Different Side,Oleg Xaler,2021-02-03,261,high,vocal,"electrohouse, dance, electronic",party,2021,24,2.0416666666666665,8
1879434,Meditation Healing 432Hz,RealTunesStudio,2021-08-20,600,low,instrumental,"ambient, newage",meditative,2021,24,2.0416666666666665,8
1901567,This Winter (feat. Snowflake),Greg Baumont,2021-11-21,186,medium,vocal,"adultcontemporary, pop",christmas,2021,24,2.0416666666666665,8
1863316,L'albero della vita,Simone Roncoletta,2021-06-10,230,unknown,vocal,"singersongwriter, folk, indierock",acoustic,2021,24,2.0416666666666665,8
1857369,Misty Haze,Pokki DJ,2021-05-10,223,medium,vocal,"electropop, futurebass, electronic",emotional,2021,24,2.0416666666666665,8
1893042,New French Horn,Novye Valtorny,2021-10-16,245,medium,vocal,jazz,acoustic,2021,24,2.0416666666666665,8
1885440,Bebop impression,Christian Petermann,2021-09-16,198,high,instrumental,"jazz, bebop",improvisation,2021,24,2.0416666666666665,8
1885442,Funny bird,Christian Petermann,2021-09-16,218,medium,instrumental,"jazz, jazzfusion",peaceful,2021,24,2.0416666666666665,8
2020849,Sur la Lune,Kentix,2023-04-11,253,unknown,vocal,"rap, frenchpop",poetry,2023,26,1.8846153846153846,10
2059786,YO NO ENTIENDO - PUETO PA LO MIO RECORDS Presenta - - NEYCOM,PUETO PA LO MIO RECORDS,2023-08-09,178,medium,vocal,"hiphop, latin",vocal,2023,26,1.8846153846153846,10
1942672,Blink Of An Eye,Shon Tha Phenom,2022-04-29,152,high,vocal,hiphop,urban,2022,20,2.65,6
1871494,Hit The Highway,Bessonn&amp;sa,2021-07-13,189,high,vocal,"pop, dance, electropop",fun,2021,24,2.0416666666666665,8
1870845,Relaxing Nature Music,Raw Vibrations,2021-07-10,568,verylow,instrumental,"ambient, newage",nature,2021,24,2.0416666666666665,8
2125514,Drum and Bass with Flute,MokkaMusic,2023-10-17,132,high,vocal,drumnbass,energetic,2023,26,1.8846153846153846,10
1871097,MLDJ - Sandglass,MLDJ,2021-07-12,390,high,instrumental,"progressivehouse, dance, electronic",energetic,2021,24,2.0416666666666665,8
1845026,Chill Ambient Atmosphere,Mit-Rich,2021-03-26,201,verylow,instrumental,ambient,meditative,2021,24,2.0416666666666665,8
1905121,Dont Break My Heart,Ed Napoli,2021-12-06,170,medium,vocal,"synthpop, pop",uplifting,2021,24,2.0416666666666665,8
2230340,The Cold City,Chill Ocelot,2025-01-15,167,low,instrumental,"downtempo, electronic, chillout",peaceful,2025,15,3.466666666666667,13
1852639,Another Life (Live Acoustic),Fresh Body Shop,2021-05-10,213,low,vocal,"indie, folk, pop",contemporary,2021,24,2.0416666666666665,8
2130864,STOP THE NIGHT,Egor Budennyy,2023-11-09,214,high,vocal,"electropop, dancepop",party,2023,26,1.8846153846153846,10
1855410,Fitness Class,Papasound,2021-05-03,118,high,instrumental,"edm, electronic, dance",energetic,2021,24,2.0416666666666665,8
2268943,Rise and Hope,Top Flow,2025-08-13,0,medium,instrumental,corporate,uplifting,2025,15,3.466666666666667,13
1888444,Move Your Body,BoroSan,2021-09-29,213,high,vocal,"house, techno, electronic",powerful,2021,24,2.0416666666666665,8
2144843,Liberation (Radio Edit),Oleja Kaba,2024-01-04,158,high,instrumental,"progressivehouse, house",energetic,2024,24,2.1666666666666665,14
2003697,HEADSPIN,GR4NT,2023-02-04,174,high,vocal,poprock,sad,2023,26,1.8846153846153846,10
1873613,Airy Morning (Meditative Relaxing),Ashot_Danielyan_Composer,2021-07-22,532,verylow,instrumental,"ambient, newage",meditative,2021,24,2.0416666666666665,8
2183549,Sunrise,Rene Miller,2024-06-13,206,high,vocal,"deephouse, techno",energetic,2024,24,2.1666666666666665,14
1935875,Metric,B3B0CK,2022-04-01,222,low,instrumental,"ambient, newage",relaxing,2022,20,2.65,6
1897169,Interlude,Arto Kumanto,2021-11-04,241,medium,instrumental,"contemporarypiano, jazz, newage",soft,2021,24,2.0416666666666665,8
2145498,Fitting Out,Mike Lamitola,2024-01-08,245,medium,vocal,"singersongwriter, folk",travel,2024,24,2.1666666666666665,14
1826287,Sweetness - Radio Edit,Peter Maze,2021-02-04,296,low,instrumental,"chillout, electronic, newage",sad,2021,24,2.0416666666666665,8
2218601,Amnesia,Soundstatues,2024-11-21,240,unknown,vocal,"indie, rock",acoustic,2024,24,2.1666666666666665,14
1848229,Free feat. Mula,atw,2021-04-11,238,medium,vocal,"ambient, chillout",atmospheric,2021,24,2.0416666666666665,8
1862002,comming down,DeZeL,2021-06-03,174,medium,vocal,"8bit, electronic, drumnbass",energetic,2021,24,2.0416666666666665,8
1846475,Oyster Wave,Wakerhouse,2021-04-02,480,high,instrumental,"techno, electronic",psychedelic,2021,24,2.0416666666666665,8
1919377,A Rest at the end of the day,Solip,2022-01-24,208,medium,instrumental,"contemporarypiano, newage",film,2022,20,2.65,6
1912594,Rocket Man,Michael Ellis,2022-01-01,210,high,vocal,"alternativerock, rock",energetic,2022,20,2.65,6
1882185,Don't Worry,Joshua W,2021-09-02,185,low,vocal,"singersongwriter, folk",love,2021,24,2.0416666666666665,8
1884501,"TE TA SOFOCANDO - Pueto pa lo mio records Presenta - Neycom - (Musica urbana, trap, rap, hiphop, dembow, reggaeton)",PUETO PA LO MIO RECORDS,2021-09-11,173,medium,vocal,"hiphop, latin, trap",urban,2021,24,2.0416666666666665,8
1873379,All Night,Energy Music,2021-07-21,127,high,instrumental,"edm, dance, electronic",party,2021,24,2.0416666666666665,8
2067500,Destruction Mill ©2023 by Acoustic Astronaut™,Acoustic Astronaut,2023-09-20,223,unknown,vocal,"singersongwriter, folk",contemporary,2023,26,1.8846153846153846,10
1848421,Badly,Energy Music,2021-04-12,204,medium,vocal,"electronic, filmscore",scifi,2021,24,2.0416666666666665,8
1828355,Shuffle for K.M,Jplucky,2021-02-02,247,high,instrumental,"blues, jazzfusion",improvisation,2021,24,2.0416666666666665,8
2265580,Velvet Groove,Top Flow,2025-07-24,0,medium,instrumental,funk,groovy,2025,15,3.466666666666667,13
2026422,Make a level,Boulvard X-Audi,2023-04-25,199,medium,vocal,"rap, trap",urban,2023,26,1.8846153846153846,10
2155784,JORDAN 23 - PUETO PA LO MIO RECORDS Presenta,PUETO PA LO MIO RECORDS,2024-02-19,170,medium,vocal,"reggaeton, latin",urban,2024,24,2.1666666666666665,14
1869045,Lo Fi Chill Hop,Lart,2021-07-05,139,medium,instrumental,"lofi, chillhop",peaceful,2021,24,2.0416666666666665,8
1984624,Sunset,StimiBeats,2022-11-10,238,verylow,instrumental,"ambient, newage",meditation,2022,20,2.65,6
1901190,Kill City Kills - Ride into the Badlands,Kill City Kills,2021-11-20,223,high,vocal,metal,80s,2021,24,2.0416666666666665,8
1860723,"LA CHICA - Pueto pa lo mio records Presenta - Choque Dineral (Musica urbana, trap, rap, hiphop, dembow)",PUETO PA LO MIO RECORDS,2021-05-29,173,medium,vocal,"hiphop, latin, trap",love,2021,24,2.0416666666666665,8
1967938,Fool in Love (feat. Mary Dee) [Radio Edit],Tom Orlando,2022-09-04,213,medium,vocal,hiphop,emotional,2022,20,2.65,6
1912601,Acrylic,Michael Ellis,2022-01-01,291,high,vocal,"poprock, rock",upbeat,2022,20,2.65,6
1926854,october,Omar Alex,2022-02-19,89,medium,instrumental,"contemporarypiano, newage",emotional,2022,20,2.65,6
2255009,Sunny Joy,Top Flow,2025-05-24,0,medium,instrumental,"kidsquirky, folk",children,2025,15,3.466666666666667,13
2147471,Top Flow - Joyful Whistle,Top Flow,2024-01-15,0,medium,vocal,"latin, pop",happy,2024,24,2.1666666666666665,14
2232476,Summer 25,Top Flow,2025-01-27,123,medium,instrumental,"electropop, pop, easylistening",upbeat,2025,15,3.466666666666667,13
1849599,Give Me More Energy,TimTaj,2021-04-17,157,high,instrumental,"dance, electronic, electronica",party,2021,24,2.0416666666666665,8
1822771,Try (Instrumental),The Guest Room,2021-01-21,205,medium,instrumental,"funk, indiepop",groovy,2021,24,2.0416666666666665,8
2267575,Rise To Inspire,Top Flow,2025-08-05,0,medium,instrumental,corporate,inspirational,2025,15,3.466666666666667,13
1860781,Syberia,GroovyVoxx,2021-05-27,246,medium,instrumental,"downtempo, electronic",atmospheric,2021,24,2.0416666666666665,8
1909063,Popuri,Dal Studio,2021-12-18,363,medium,vocal,"world, jazzfusion, asian",ethno,2021,24,2.0416666666666665,8
1945205,libeccio,christo4us,2022-05-12,189,high,instrumental,"contemporarypiano, filmscore, newage",emotional,2022,20,2.65,6
2151373,Top Flow - Drive to Triumph,Top Flow,2024-01-30,0,medium,instrumental,filmscore,action,2024,24,2.1666666666666665,14
1876228,Chillin in the Game Boy,Ogi Feel the Beat,2021-08-05,150,medium,instrumental,"chillout, downtempo, electronic",lounge,2021,24,2.0416666666666665,8
2133488,Top Flow - Enchanted Chimes,Top Flow,2023-11-23,0,medium,instrumental,symphonic,happy,2023,26,1.8846153846153846,10
2172163,Sunlit Rhythms,Top Flow,2024-04-30,0,medium,instrumental,"dance, electronic",party,2024,24,2.1666666666666665,14
1995659,Fade Away [Radio Edit],Tom Orlando,2023-01-05,145,medium,vocal,hiphop,love,2023,26,1.8846153846153846,10
2220688,Zen Cascade,Top Flow,2024-12-02,136,low,instrumental,ambient,nature,2024,24,2.1666666666666665,14
2152590,Top Flow - Sunshine Groove,Top Flow,2024-02-05,0,medium,instrumental,electronic,action,2024,24,2.1666666666666665,14
2232411,Nobody Else,Joshua W,2025-01-26,137,verylow,vocal,"folk, chillout",acoustic,2025,15,3.466666666666667,13
2168984,Top Flow - Stellar Echoes,Top Flow,2024-04-15,0,medium,instrumental,"downtempo, electronic",soundscape,2024,24,2.1666666666666665,14
1828771,TRENCHES,Childsanonymous,2021-01-30,181,medium,vocal,"hiphop, trap",political,2021,24,2.0416666666666665,8
1867341,minimal 11,nikproteus,2021-07-02,172,medium,instrumental,"ambient, filmscore",sad,2021,24,2.0416666666666665,8
2127988,Igor Pumphonia - Halfway (Original Mix),Igor Pumphonia,2023-10-29,223,medium,vocal,"house, electronic",upbeat,2023,26,1.8846153846153846,10
2062042,Funk Casino,Top Flow,2023-08-21,68,high,instrumental,"funk, postpunk",fashion,2023,26,1.8846153846153846,10
1927566,Piano Emotional,Raw Vibrations,2022-02-21,171,high,instrumental,"contemporarypiano, newage",love,2022,20,2.65,6
1885456,Spring Jubillee,Christian Petermann,2021-09-16,251,verylow,instrumental,"jazz, jazzfusion",love,2021,24,2.0416666666666665,8
1870774,Dirty old man (feat. Dia Yiannopoulou),zero-project,2021-07-10,229,low,vocal,"jazz, ambient, soul",film,2021,24,2.0416666666666665,8
1876226,Release Your Stress,Ogi Feel the Beat,2021-08-05,237,medium,instrumental,"chillhop, downtempo, electronic",urban,2021,24,2.0416666666666665,8
1904439,Secret Autonomy,Magnesid,2021-12-03,250,high,instrumental,"postrock, postmetal",sad,2021,24,2.0416666666666665,8
2250331,In Motion,45.,2025-05-01,309,medium,vocal,"shoegaze, alternativerock, indierock",acoustic,2025,15,3.466666666666667,13
2060399,Beachside Reflections,Top Flow,2023-08-12,93,medium,instrumental,"tropicalhouse, pop, electronic",summer,2023,26,1.8846153846153846,10
2176498,Cosmic Drift,Top Flow,2024-05-13,0,medium,instrumental,"electronic, ambient",dark,2024,24,2.1666666666666665,14
2247757,Solar Dream,Top Flow,2025-04-22,0,medium,instrumental,"futurebass, electronic",socialmedia,2025,15,3.466666666666667,13
1989123,Prelude in C,Alex Davletshin,2022-12-04,245,medium,instrumental,"neoclassical, classical",acoustic,2022,20,2.65,6
2061763,Uplift Fashion,Top Flow,2023-08-19,64,high,instrumental,"edm, dubstep, electronic",upbeat,2023,26,1.8846153846153846,10
2232477,Yagi Wrath,Top Flow,2025-01-27,66,high,instrumental,filmscore,emotional,2025,15,3.466666666666667,13
2126172,Top Flow - Whistle Vibes,Top Flow,2023-10-20,0,medium,instrumental,"tropicalhouse, electronic",energetic,2023,26,1.8846153846153846,10
2090948,Wrong,Samie Bower,2023-09-29,187,medium,vocal,"rnb, alternativepop",love,2023,26,1.8846153846153846,10
1917947,Igor Pumphonia - Get It Hot (Feel Good),Igor Pumphonia,2022-01-19,173,medium,vocal,pop,sexy,2022,20,2.65,6
2167205,BASXHKZIR - Together,BASXHKZIR,2024-04-12,140,medium,vocal,"deephouse, dance",upbeat,2024,24,2.1666666666666665,14
2188130,You Won't Walk Alone,Soundstatues,2024-07-07,187,unknown,vocal,"indie, poprock",energetic,2024,24,2.1666666666666665,14
1885921,Popsicle,Energy Music,2021-09-19,112,high,vocal,"edm, dance, electronic",party,2021,24,2.0416666666666665,8
2188943,Karma,Nordgroove,2024-07-14,260,medium,instrumental,electronic,socialmedia,2024,24,2.1666666666666665,14
1875027,Chillout Love Piano,KonovalovMusic,2021-07-29,174,medium,instrumental,"chillout, smoothjazz, electronic",lounge,2021,24,2.0416666666666665,8
1984534,Alright Anyway Ft. Taelor Gray,Shon Tha Phenom,2022-11-10,210,high,vocal,"rap, hiphop",urban,2022,20,2.65,6
2274759,Eternal Passage,Top Flow,2025-09-19,0,medium,instrumental,trailer,happy,2025,15,3.466666666666667,13
1850323,Midnight Session,GrayMic,2021-04-21,208,low,instrumental,"jazz, smoothjazz",soft,2021,24,2.0416666666666665,8
2203081,Whispered Lumina,Top Flow,2024-09-12,128,medium,instrumental,"filmscore, classical",serene,2024,24,2.1666666666666665,14
2269569,Corporate Achieve,Top Flow,2025-08-18,0,medium,instrumental,corporate,upbeat,2025,15,3.466666666666667,13
1880615,Inside from outside - Desert shells,Inside from outside,2021-08-26,225,medium,instrumental,"ambient, drone",peaceful,2021,24,2.0416666666666665,8
2170473,XENEZE - Hush,XENEZE,2024-05-01,138,medium,vocal,"dance, deephouse",acoustic,2024,24,2.1666666666666665,14
2129983,Top Flow - Sunshine Whistle,Top Flow,2023-11-07,0,medium,instrumental,"electrorock, rock",energetic,2023,26,1.8846153846153846,10
1860313,Rewrite The Story,CHARIOTS,2021-05-25,208,medium,vocal,"indie, pop",adventure,2021,24,2.0416666666666665,8
2132131,Top Flow - Sunrise Groove,Top Flow,2023-11-16,0,medium,instrumental,"tropicalhouse, electronic",summer,2023,26,1.8846153846153846,10
2261488,Sunlit Waves,Top Flow,2025-06-30,0,unknown,instrumental,"tropicalhouse, electronic",happy,2025,15,3.466666666666667,13
2236443,Pure Love,Top Flow,2025-02-21,78,medium,instrumental,"contemporarypiano, classical, filmscore",acoustic,2025,15,3.466666666666667,13
1837221,Igor Pumphonia feat. Ladynsax - Different World (Sax Version Instrumental),Igor Pumphonia,2021-02-23,269,low,instrumental,"chillout, electronic, downtempo",love,2021,24,2.0416666666666665,8
2220687,Snowy Peaks,Top Flow,2024-12-02,66,medium,instrumental,filmscore,emotional,2024,24,2.1666666666666665,14
2150505,Top Flow - Loves Serenade,Top Flow,2024-01-26,0,medium,instrumental,filmscore,romantic,2024,24,2.1666666666666665,14
2253156,California Sunrise,Sylvan Valley,2025-05-13,218,high,vocal,"indie, poprock",travel,2025,15,3.466666666666667,13
1841770,Dance The Life,stillnoah,2021-03-12,172,high,vocal,"pop, indie, alternativepop",happy,2021,24,2.0416666666666665,8
1844756,Marco Margna - Summer Game,Marco Margna,2021-03-25,187,medium,vocal,"electrohouse, dance, edm",acoustic,2021,24,2.0416666666666665,8
1896117,Epic Sport,SoundForYou,2021-10-30,110,low,instrumental,"corporate, trailer",sport,2021,24,2.0416666666666665,8
1834578,Sacred (feat. Jade Gritty),Tab,2021-02-15,247,verylow,vocal,"triphop, electronic, downtempo",soft,2021,24,2.0416666666666665,8
1883112,Can You Feel It,Energy Music,2021-09-07,116,high,vocal,"electrohouse, dance, edm",party,2021,24,2.0416666666666665,8
2022629,Yoga Meditation with Rain,Flybird Audio,2023-04-13,480,low,instrumental,"ambient, easylistening, newage",meditative,2023,26,1.8846153846153846,10
2232457,Dark Knight,Top Flow,2025-01-27,90,medium,instrumental,"synthwave, electronic",videogame,2025,15,3.466666666666667,13
1862311,MLDJ - Simphony (Rework),MLDJ,2021-06-05,443,high,instrumental,"progressivehouse, dance, electronic",energetic,2021,24,2.0416666666666665,8
1830523,Igor Pumphonia - See My Life (Chill Version Dub),Igor Pumphonia,2021-02-02,235,low,instrumental,"downtempo, electronic, chillout",lounge,2021,24,2.0416666666666665,8
2241293,Tristeza,Ogi Feel the Beat,2025-03-19,154,medium,instrumental,"downtempo, electronic",urban,2025,15,3.466666666666667,13
2256505,On Fire,Top Flow,2025-06-04,0,medium,instrumental,"rock, classicrock",happy,2025,15,3.466666666666667,13
2060080,Sharp Suffle,Top Flow,2023-08-12,126,medium,instrumental,"edm, alternativepop",happy,2023,26,1.8846153846153846,10
2235930,Summer Cocktail,Top Flow,2025-02-19,104,medium,instrumental,"pop, tropicalhouse",happy,2025,15,3.466666666666667,13
1835355,musicalblox1902,BFJazz,2021-02-19,235,medium,instrumental,"jazzfusion, jazz, indie",happy,2021,24,2.0416666666666665,8
2206067,Frosted Dawn,Top Flow,2024-09-25,120,medium,instrumental,filmscore,emotional,2024,24,2.1666666666666665,14
2149481,Top Flow - Realize Your Dreams,Top Flow,2024-01-23,0,medium,vocal,corporate,commercial,2024,24,2.1666666666666665,14
2203466,Elysian Embers,Top Flow,2024-09-13,157,high,instrumental,"trailer, production",emotional,2024,24,2.1666666666666665,14
2170365,Top Flow - Sunrise Serenade,Top Flow,2024-04-22,0,medium,instrumental,"pop, tropicalhouse",uplifting,2024,24,2.1666666666666665,14
2208341,Cinematic Mystery,Top Flow,2024-10-05,143,high,instrumental,filmscore,halloween,2024,24,2.1666666666666665,14
2198587,IDKWTS (ft. RJ Pasin),Samie Bower,2024-08-30,150,unknown,vocal,"rnb, hiphop",vocal,2024,24,2.1666666666666665,14
1849587,Take me down the hills,Flashinmusic,2021-04-17,162,low,instrumental,"folk, country",soft,2021,24,2.0416666666666665,8
2255720,Take Your Time,Top Flow,2025-05-29,0,medium,instrumental,"easylistening, indierock",happy,2025,15,3.466666666666667,13
2220686,Summer Memories,Top Flow,2024-12-02,112,medium,instrumental,"tropicalhouse, electronic",happy,2024,24,2.1666666666666665,14
1863807,Lucky Break,Vitality,2021-06-14,136,high,instrumental,"breakbeat, funk, alternativerock",upbeat,2021,24,2.0416666666666665,8
1879128,Lives In My Head,Duglas,2021-08-19,171,high,vocal,"trap, dubstep, hiphop",dark,2021,24,2.0416666666666665,8
1937951,Circa 83 (feat. Happy Little Accidents),Tab,2022-04-08,239,low,vocal,"downtempo, electronic",atmospheric,2022,20,2.65,6
2214277,Sunny Travel,Top Flow,2024-11-04,104,medium,instrumental,"dance, pop, tropicalhouse",happy,2024,24,2.1666666666666665,14
1893850,Sport Rock (Impossible To Stop),SunSmileMusic,2021-10-19,94,medium,instrumental,"corporate, rock, indierock",sport,2021,24,2.0416666666666665,8
2192141,Ethereal Horizons,Top Flow,2024-07-27,0,medium,instrumental,corporate,uplifting,2024,24,2.1666666666666665,14
2272604,Corporate Storytelling,Top Flow,2025-09-07,0,medium,instrumental,corporate,commercial,2025,15,3.466666666666667,13
2245542,Lagoon Lull,Top Flow,2025-04-09,0,medium,instrumental,"chillout, dubstep, electronic",peaceful,2025,15,3.466666666666667,13
1832098,Largo Harpsichord concerto - BWV 1056,Oscar Avila,2021-02-06,214,verylow,instrumental,"baroque, classical",peaceful,2021,24,2.0416666666666665,8
2125522,Chillwave Vaporwave,MokkaMusic,2023-10-17,158,medium,instrumental,"chillwave, electronic",retro,2023,26,1.8846153846153846,10
2266483,Corporate Heart,Top Flow,2025-07-29,0,medium,instrumental,corporate,motivational,2025,15,3.466666666666667,13
1860356,Shadows,Tomas Gomez,2021-05-25,171,high,instrumental,"hiphop, trap",emotional,2021,24,2.0416666666666665,8
1913312,Igor Pumphonia - Like I Trust (Dub),Igor Pumphonia,2022-01-04,204,medium,instrumental,"house, electronic",atmospheric,2022,20,2.65,6
1935929,Sentimental,GrayMic,2022-04-01,246,low,instrumental,jazz,traditional,2022,20,2.65,6
2232471,Amber Rainfall,Top Flow,2025-01-27,95,medium,instrumental,"classical, filmscore",acoustic,2025,15,3.466666666666667,13
1895510,Mozart Sonata No.4 K.282 Allegro,AurbanniAudio,2021-10-27,103,high,instrumental,classical,happy,2021,24,2.0416666666666665,8
2186620,Egoist,Fortadelis,2024-06-29,202,high,instrumental,"techno, electronica",dark,2024,24,2.1666666666666665,14
1885447,Midnight lady,Christian Petermann,2021-09-16,240,medium,instrumental,"smoothjazz, jazz, jazzfusion",lounge,2021,24,2.0416666666666665,8
2223088,Ashes of Hiroshima,Top Flow,2024-12-14,87,medium,instrumental,"classical, filmscore",acoustic,2024,24,2.1666666666666665,14
2269937,Funk The Beat,Top Flow,2025-08-20,0,medium,instrumental,"funk, dance",groovy,2025,15,3.466666666666667,13
1895304,Christmas Chill lofi Launge,lesfm,2021-10-26,162,low,instrumental,"lofi, smoothjazz, jazz",lounge,2021,24,2.0416666666666665,8
2179072,Sunset Groove,Top Flow,2024-05-23,0,medium,instrumental,"gothic, synthwave",happy,2024,24,2.1666666666666665,14
2241176,My inspiration for the day,Boulvard X-Audi,2025-03-19,207,medium,instrumental,"lofi, hiphop",soft,2025,15,3.466666666666667,13
2215970,Tibet,Top Flow,2024-11-12,98,medium,vocal,"newage, world, ambient",ethno,2024,24,2.1666666666666665,14
2231198,Igor Pumphonia - Deep Inside,Igor Pumphonia,2025-01-19,193,medium,vocal,deephouse,inspirational,2025,15,3.466666666666667,13
2212627,Tech House Future,Mr.Aleks,2024-10-27,357,high,vocal,"techno, electrohouse",energetic,2024,24,2.1666666666666665,14
2259161,Summer Son,Top Flow,2025-06-19,0,medium,instrumental,"tropicalhouse, electronic",summer,2025,15,3.466666666666667,13
2125845,Enigma Dream,Top Flow,2023-10-19,0,medium,instrumental,"chillout, electronic",powerful,2023,26,1.8846153846153846,10
2220685,Chroma Dusk,Top Flow,2024-12-02,80,medium,instrumental,hiphop,groovy,2024,24,2.1666666666666665,14
1875065,Get Dumb,Ed Napoli,2021-07-29,203,medium,vocal,"synthpop, pop",party,2021,24,2.0416666666666665,8
2273604,Money Maker,Top Flow,2025-09-13,0,medium,instrumental,corporate,uplifting,2025,15,3.466666666666667,13
1932663,It Be Like That,!Mc'Lain!,2022-03-17,146,unknown,vocal,hiphop,urban,2022,20,2.65,6
1855477,Every Day Dreamer,Arto Kumanto,2021-05-03,262,medium,instrumental,"jazz, smoothjazz",romantic,2021,24,2.0416666666666665,8
2246535,Heating Sun,Top Flow,2025-04-14,0,medium,instrumental,"corporate, pop, tropicalhouse",happy,2025,15,3.466666666666667,13
1909110,Now n' Then,Samie Bower,2021-12-19,195,medium,vocal,rnb,emotional,2021,24,2.0416666666666665,8
1829034,Feel Good,Minutia,2021-01-31,306,high,vocal,"drumnbass, electronic, jungle",energetic,2021,24,2.0416666666666665,8
2219373,Snowy Embrace,Top Flow,2024-11-26,126,high,instrumental,filmscore,soft,2024,24,2.1666666666666665,14
2186494,Too Far Away,Cephas,2024-06-29,192,high,instrumental,"techno, edm",dark,2024,24,2.1666666666666665,14
2188863,Endless Horizons,Top Flow,2024-07-11,0,medium,instrumental,dance,happy,2024,24,2.1666666666666665,14
2240457,Our Memories,Top Flow,2025-03-16,98,medium,instrumental,"classical, filmscore",acoustic,2025,15,3.466666666666667,13
2217988,Christmas Spirit,Top Flow,2024-11-19,74,high,instrumental,"symphonic, classical, filmscore",christmas,2024,24,2.1666666666666665,14
2219371,World War III,Top Flow,2024-11-26,84,high,instrumental,filmscore,dramatic,2024,24,2.1666666666666665,14
2038657,Lounge Requests,Ogi Feel the Beat,2023-06-22,260,low,instrumental,"chillhop, chillout, hiphop",lounge,2023,26,1.8846153846153846,10
2177541,Sunset Vibes,Top Flow,2024-05-17,0,medium,instrumental,"dance, tropicalhouse",happy,2024,24,2.1666666666666665,14
1900584,38 seconds,KERRY,2021-11-18,178,medium,vocal,"pop, electropop, indiepop",acoustic,2021,24,2.0416666666666665,8
1891871,Cherry Blossom,INOD,2021-10-11,90,medium,instrumental,"contemporarypiano, newage",nature,2021,24,2.0416666666666665,8
1965426,Get Back on Me,Soundstatues,2022-08-12,188,high,vocal,"indie, rock",love,2022,20,2.65,6
1907010,Longing,INOD,2021-12-15,91,medium,instrumental,"contemporarypiano, newage",film,2021,24,2.0416666666666665,8
1831243,Funk Soul Full,Avalon Audio,2021-02-04,129,medium,instrumental,"electrofunk, funk",happy,2021,24,2.0416666666666665,8
2254409,Adrenaline Code,Top Flow,2025-05-20,0,medium,instrumental,"pop, dance",happy,2025,15,3.466666666666667,13
2127168,Top Flow - Vibe On,Top Flow,2023-10-25,0,medium,instrumental,"futurebass, adultcontemporary",upbeat,2023,26,1.8846153846153846,10
1863487,Eating Show,Waderman,2021-06-11,157,medium,instrumental,latinjazz,happy,2021,24,2.0416666666666665,8
1888443,The Stars Align,BoroSan,2021-09-29,232,high,vocal,"house, techno, electronic",clubbing,2021,24,2.0416666666666665,8
2125134,Smooth Reference,Ogi Feel the Beat,2023-11-06,169,medium,instrumental,"chillhop, hiphop",soft,2023,26,1.8846153846153846,10
1893896,antisocial (Radio Edit),Rxbyn,2021-10-20,178,high,vocal,rnb,emotional,2021,24,2.0416666666666665,8
2235562,Summer Time,Top Flow,2025-02-17,76,medium,instrumental,"pop, electronic",happy,2025,15,3.466666666666667,13
1857519,Stingray,Lisofv,2021-05-11,213,medium,instrumental,"lofi, avantgarde, funk",atmospheric,2021,24,2.0416666666666665,8
1833119,Fresh,soundshrim,2021-02-10,130,low,vocal,"dance, futurebass, electronic",fashion,2021,24,2.0416666666666665,8
1906990,So good on a cold evening.,Sergo Wind,2021-12-12,220,low,instrumental,"jazz, swing",peaceful,2021,24,2.0416666666666665,8
2252316,Back to School,Olepash,2025-05-09,231,high,instrumental,"jazz, bossanova",happy,2025,15,3.466666666666667,13
2216204,Magic Christmas Night,Top Flow,2024-11-14,85,high,instrumental,filmscore,happy,2024,24,2.1666666666666665,14
2234203,Run to the Dream (Romantic and Beautiful Background Piano Music),Lite Saturation,2025-02-06,202,high,instrumental,"contemporarypiano, newage",love,2025,15,3.466666666666667,13
2259920,Funk is King,Top Flow,2025-06-23,0,medium,instrumental,"electrofunk, funk",groovy,2025,15,3.466666666666667,13
1865451,I'll Have Some Spice on my Foam Too,Jazzaria,2021-06-20,212,high,instrumental,"jazz, swing",peaceful,2021,24,2.0416666666666665,8
1822040,Minera-Rumba,Fatima Mhedden,2021-01-09,233,medium,instrumental,"gypsy, latin, world",emotional,2021,24,2.0416666666666665,8
1833451,Last Fight for the Championship,Double Hilt,2021-02-11,193,high,instrumental,"rock, metal",action,2021,24,2.0416666666666665,8
2265045,Horizon Sound,Top Flow,2025-07-21,0,medium,instrumental,"afrocubanjazz, easylistening",happy,2025,15,3.466666666666667,13
2193079,Chasing Horizons,Top Flow,2024-08-01,0,medium,instrumental,electronic,socialmedia,2024,24,2.1666666666666665,14
1900730,Slow And Bluesy,Suzy E,2021-11-18,196,verylow,instrumental,"blues, bluesrock",contemporary,2021,24,2.0416666666666665,8
1893035,Remind Myself,WhiteCat,2021-10-16,149,high,instrumental,"corporate, rock, poprock",presentation,2021,24,2.0416666666666665,8
2232472,Love Whispers,Top Flow,2025-01-27,131,medium,instrumental,"pop, filmscore",acoustic,2025,15,3.466666666666667,13
1852670,Holidays in Paradise (Live Acoustic),Fresh Body Shop,2021-05-10,102,medium,vocal,"indie, pop, folk",contemporary,2021,24,2.0416666666666665,8
2188115,DPSTP - Reason,DPSTP,2024-07-07,284,high,vocal,"pop, progressivehouse",acoustic,2024,24,2.1666666666666665,14
1834934,"Only On This Planet (feat. A Bit Advanced Music, Paradeigma)",Ogi Feel the Beat,2021-02-17,166,medium,vocal,"hiphop, alternativehiphop",atmospheric,2021,24,2.0416666666666665,8
2043086,Deserve My Depression [Radio Edit],Tom Orlando,2023-07-19,160,medium,vocal,hiphop,love,2023,26,1.8846153846153846,10
2015181,Backstabber,Abigail Christine Hill,2023-03-19,190,medium,vocal,"alternativehiphop, alternativernb, hiphop",angry,2023,26,1.8846153846153846,10
1883209,In A Good Old Summertime,DHDMusic,2021-09-07,122,veryhigh,instrumental,"corporate, pop",children,2021,24,2.0416666666666665,8
1878446,Stassia - Road,Stassia,2021-08-16,128,unknown,vocal,"indierock, rock",contemporary,2021,24,2.0416666666666665,8
2245153,Asphalt Sizzle,Top Flow,2025-04-07,0,medium,instrumental,"dance, latin",happy,2025,15,3.466666666666667,13
1896753,Manga,Energy Music,2021-11-03,112,high,instrumental,"edm, electronic",videogame,2021,24,2.0416666666666665,8
2197175,Tab + Anitek - MUSICO,Anitek,2024-08-24,170,medium,vocal,hiphop,urban,2024,24,2.1666666666666665,14
1828624,Huge Trap,MarbleSound,2021-01-30,115,low,vocal,trap,sport,2021,24,2.0416666666666665,8
1873584,MLDJ - Life,MLDJ,2021-07-22,314,high,vocal,"deephouse, house, progressivehouse",energetic,2021,24,2.0416666666666665,8
1883233,Get Around,The Silhouet,2021-09-09,200,medium,vocal,"rock, alternativerock, hardrock",drama,2021,24,2.0416666666666665,8
2002460,Ego,Esounds,2023-01-30,162,medium,vocal,hiphop,peaceful,2023,26,1.8846153846153846,10
1875456,Is That What You Said,Jon Worthy,2021-08-06,255,high,vocal,"indierock, rock, indie",love,2021,24,2.0416666666666665,8
2068566,BASXHKZIR - Go back to me,BASXHKZIR,2023-09-25,180,medium,vocal,"deephouse, dance, electronic",love,2023,26,1.8846153846153846,10
1837563,Big Spenders,Ralph Da God,2021-02-25,0,unknown,vocal,"hiphop, rap",angry,2021,24,2.0416666666666665,8
2206066,Haunted Carnival,Top Flow,2024-09-25,104,high,instrumental,filmscore,halloween,2024,24,2.1666666666666665,14
2272848,Brightside,Top Flow,2025-09-09,0,medium,instrumental,"dance, corporate",happy,2025,15,3.466666666666667,13
2223085,Freedom Wings,Top Flow,2024-12-14,100,medium,instrumental,"classical, filmscore",acoustic,2024,24,2.1666666666666665,14
1876719,Igor Pumphonia - Quadrilateral,Igor Pumphonia,2021-08-07,176,low,vocal,"chillout, electronic",lounge,2021,24,2.0416666666666665,8
1827397,Touched By An Angel,Ronny Matthes - Pianist und Komponist (GEMA-frei / Royalty Free),2021-02-04,244,low,instrumental,"newage, classical",soft,2021,24,2.0416666666666665,8
2239434,Summer is Here,Top Flow,2025-03-10,85,medium,instrumental,"pop, tropicalhouse",happy,2025,15,3.466666666666667,13
1872638,Sky Princess,Carlos Estella,2021-07-18,141,medium,vocal,filmscore,epic,2021,24,2.0416666666666665,8
2197178,Moonlit Echoes,Top Flow,2024-08-24,0,medium,instrumental,"lofi, hiphop",peaceful,2024,24,2.1666666666666665,14
2028502,BASXHKZIR - Bound,BASXHKZIR,2023-05-09,174,high,vocal,"house, dancepop, electronic",acoustic,2023,26,1.8846153846153846,10
1839748,Un solo corazón,Dave Imbernon,2021-03-06,319,medium,instrumental,"newage, contemporarypiano",love,2021,24,2.0416666666666665,8
2214854,Subway Mirage,Top Flow,2024-11-08,130,high,instrumental,"corporate, easylistening",inspirational,2024,24,2.1666666666666665,14
1986002,Breezy,Olepash,2022-11-20,235,medium,instrumental,"jazz, bossanova",acoustic,2022,20,2.65,6
1919238,Nostalgia Machine (feat.Jade Gritty),Tab,2022-01-23,201,medium,vocal,"rnb, alternativehiphop, jazzrap",podcast,2022,20,2.65,6
1880582,Progressive Future,Papasound,2021-08-26,129,medium,instrumental,"synthwave, dance, electronic",retro,2021,24,2.0416666666666665,8
1841766,Come Il Sole e Il Vento (album v.),Nosabe,2021-03-20,258,unknown,vocal,"indie, pop",love,2021,24,2.0416666666666665,8
2210665,Mango Sundive,Top Flow,2024-10-17,112,medium,instrumental,"pop, tropicalhouse",happy,2024,24,2.1666666666666665,14
1878345,Sea Breath,Tapetunes,2021-08-15,268,low,instrumental,"ambient, chillout",peaceful,2021,24,2.0416666666666665,8
1882573,Junko (feat.Jade Gritty),Tab,2021-09-15,300,high,vocal,"indie, pop",psychedelic,2021,24,2.0416666666666665,8
1855856,Chevalier (With Choir),Grégoire Lourme,2021-05-04,200,low,vocal,"filmscore, trailer",adventure,2021,24,2.0416666666666665,8
1929479,Losing Myself,Boulvard X-Audi,2022-03-02,146,medium,vocal,"rnb, chillhop",sad,2022,20,2.65,6
1835481,Abstract Energy Flight,AudioJam,2021-02-19,126,high,instrumental,"drumnbass, electronic",videogame,2021,24,2.0416666666666665,8
2212325,Midnight Quirk,Top Flow,2024-10-26,80,medium,instrumental,funk,groovy,2024,24,2.1666666666666665,14
2253206,Dadomu (feat. JJ.OK),Plushka,2025-05-13,126,medium,instrumental,"lofi, hiphop",adult,2025,15,3.466666666666667,13
1861613,Neon Phenomenon,neonfish,2021-06-02,146,medium,instrumental,"synthwave, electronic, synthpop",peaceful,2021,24,2.0416666666666665,8
1883453,Spirits,The Silhouet,2021-09-09,247,low,vocal,"indie, pop, rock",spiritual,2021,24,2.0416666666666665,8
1825620,Take Me Home,Square a Saw,2021-01-22,199,high,vocal,"edm, pop, dance",contemporary,2021,24,2.0416666666666665,8
2059903,Spread Some Love,The Vow,2023-08-10,0,high,vocal,"rock, indierock, indie",love,2023,26,1.8846153846153846,10
2215487,Tearstream Alley,Top Flow,2024-11-11,122,medium,instrumental,"classical, filmscore",acoustic,2024,24,2.1666666666666665,14
2245751,Sunny Bliss,Top Flow,2025-04-10,0,medium,instrumental,"dance, corporate",happy,2025,15,3.466666666666667,13
1822199,Shes Alright,Jon Worthy,2021-01-13,179,high,vocal,"surfrock, rock, indie",contemporary,2021,24,2.0416666666666665,8
1941088,Equal Ruts,The ARTISANS Beats,2022-04-22,204,medium,vocal,hiphop,upbeat,2022,20,2.65,6
1874898,Forest Stream (short version),Stereoalex,2021-07-29,171,low,instrumental,ambient,nature,2021,24,2.0416666666666665,8
1942021,Higher Than The Sky,Energy Music,2022-04-27,144,high,instrumental,"chillwave, electronic",peaceful,2022,20,2.65,6
2187126,For the Fifth,Arto Kumanto,2024-07-02,245,high,instrumental,jazz,improvisation,2024,24,2.1666666666666665,14
2263577,Sunlit Dance,Top Flow,2025-07-14,0,medium,instrumental,"pop, dance",happy,2025,15,3.466666666666667,13
1885453,Relax in the evening,Christian Petermann,2021-09-16,187,medium,instrumental,"smoothjazz, jazz, jazzfusion",lounge,2021,24,2.0416666666666665,8
2248802,Sunlit Dream,Top Flow,2025-04-28,0,medium,instrumental,"pop, electronic",happy,2025,15,3.466666666666667,13
2238451,Silver Wind,Top Flow,2025-03-05,74,medium,instrumental,"neoclassical, filmscore, classical",history,2025,15,3.466666666666667,13
2210664,Power is You,Top Flow,2024-10-17,86,high,vocal,"hiphop, electronic",acoustic,2024,24,2.1666666666666665,14
1890675,Sleep Well,Kara Square,2021-10-07,599,verylow,instrumental,newage,soft,2021,24,2.0416666666666665,8
1849036,Straight 12,Stefan Kartenberg,2021-04-15,204,high,instrumental,folk,happy,2021,24,2.0416666666666665,8
2020213,"Relaxing music to sleep, meditate or study | Beside the lake",A|C,2023-04-06,570,verylow,instrumental,"ambient, musicbed, production",soft,2023,26,1.8846153846153846,10
1882067,Midnight Blues,BFCmusic,2021-09-01,121,unknown,instrumental,blues,traditional,2021,24,2.0416666666666665,8
2223086,Drunk on Funk,Top Flow,2024-12-14,64,medium,instrumental,"funk, electrofunk",acoustic,2024,24,2.1666666666666665,14
1937836,Pick Me Up (Stage N1),Mister Sir,2022-04-07,216,high,vocal,alternativemetal,apocalyptic,2022,20,2.65,6
2065039,Happy Rock,Top Flow,2023-09-06,82,unknown,instrumental,"poprock, rock, indiepop",happy,2023,26,1.8846153846153846,10
2235561,Harbor Glimpse,Top Flow,2025-02-17,65,medium,instrumental,funk,acoustic,2025,15,3.466666666666667,13
2168604,Top Flow - Vibrant Pulse,Top Flow,2024-04-12,0,unknown,unknown,"pop, dance",energetic,2024,24,2.1666666666666665,14
2223087,Astral Driftwood,Top Flow,2024-12-14,94,medium,instrumental,"lofi, synthpop",neutral,2024,24,2.1666666666666665,14
1864555,Thoughtless and Proud,Color Out,2021-06-16,187,high,vocal,"rock, poppunk",action,2021,24,2.0416666666666665,8
1834290,That morning,Mr.DeVo!,2021-02-14,371,high,instrumental,"techno, electronic",dark,2021,24,2.0416666666666665,8
1881967,No Sleep,Santa Sallet,2021-09-01,202,medium,vocal,"trap, hiphop, rap",urban,2021,24,2.0416666666666665,8
1823591,Disobedience,Gent,2021-01-13,126,high,vocal,"punk, rock, grunge",acoustic,2021,24,2.0416666666666665,8
2202651,Atreyu,Waxstar,2024-09-10,240,medium,instrumental,electronic,videogame,2024,24,2.1666666666666665,14
2205820,Angelo della speranza (classic trance),Stefano Mazzola,2024-09-23,421,high,instrumental,"trance, electronic",energetic,2024,24,2.1666666666666665,14
2221244,Igor Pumphonia - Sip The Vibe (2nd Version),Igor Pumphonia,2024-12-04,234,medium,vocal,deephouse,psychedelic,2024,24,2.1666666666666665,14
2240726,Cosmic Cradle,Top Flow,2025-03-17,76,medium,instrumental,"ambient, filmscore",sad,2025,15,3.466666666666667,13
1888896,Blue Moon House,iON_K18,2021-10-06,326,high,vocal,"house, electronic, deephouse",energetic,2021,24,2.0416666666666665,8
1937100,All My Life (Produced by Benstar),Buck Slenderly,2022-04-05,171,high,vocal,"rnb, hiphop",contemporary,2022,20,2.65,6
1838840,"CHAKA CHAKA I - Pueto pa lo mio records Presenta - Choque Dineral (Musica urbana, trap, rap, hiphop, dembow)",PUETO PA LO MIO RECORDS,2021-03-08,0,medium,vocal,"hiphop, latin",90s,2021,24,2.0416666666666665,8
2229014,Scattered,Square a Saw,2025-01-10,205,high,vocal,"electropop, edm",contemporary,2025,15,3.466666666666667,13
2065297,TimesUp feat. Tab,Anitek,2023-09-07,124,medium,vocal,hiphop,urban,2023,26,1.8846153846153846,10
2125783,Sleepy Drops,Siarhei Korbut,2023-10-19,600,verylow,instrumental,"ambient, newage",meditation,2023,26,1.8846153846153846,10
1883448,My Pleasure,The Silhouet,2021-09-09,195,medium,vocal,"pop, indie, poprock",sentimental,2021,24,2.0416666666666665,8
1932635,Congratulations on Success - full version,WhiteCat,2022-03-17,132,high,instrumental,"corporate, poprock",happy,2022,20,2.65,6
1880335,Time machine,Taras Stanin,2021-09-22,353,medium,vocal,"house, electronic, electropop",upbeat,2021,24,2.0416666666666665,8
1868021,Phoenix,Stēvi M.,2021-07-08,181,medium,vocal,"electropop, pop",contemporary,2021,24,2.0416666666666665,8
1875389,Tequila Feast,Vitality,2021-08-02,108,high,instrumental,"latin, pop",summer,2021,24,2.0416666666666665,8
2207760,Kentix - Ça Rend Heureux,Kentix,2024-10-02,142,high,vocal,"rap, trap",urban,2024,24,2.1666666666666665,14
1983375,Balance (Produced by Lazuli),Buck Slenderly,2022-11-04,181,medium,vocal,"hiphop, rnb",acoustic,2022,20,2.65,6
2210667,Lunar Tides,Top Flow,2024-10-17,88,medium,instrumental,"electronic, synthwave",happy,2024,24,2.1666666666666665,14
1885464,Tonopas,Christian Petermann,2021-09-16,226,medium,instrumental,"jazz, smoothjazz",peaceful,2021,24,2.0416666666666665,8
2204168,A Spinning Wheel,Roy Smiles,2024-09-17,186,medium,vocal,singersongwriter,acoustic,2024,24,2.1666666666666665,14
1835202,Roentgen,Sonic Radiation,2021-02-18,312,high,instrumental,"electronic, progressivehouse",energetic,2021,24,2.0416666666666665,8
1866107,Skin On Skin,James Bell,2021-06-25,211,medium,vocal,"pop, electropop",love,2021,24,2.0416666666666665,8
1880626,For Those Whom I've Met,The Rooms,2021-08-26,194,unknown,instrumental,jazz,melancholic,2021,24,2.0416666666666665,8
1948024,Of Beauty and Love,Talking Cure,2022-05-26,196,high,vocal,"indie, rock",love,2022,20,2.65,6
1899772,Motivational Corporate Advertising (extended mix),Akashic Records,2021-11-14,265,high,instrumental,corporate,motivational,2021,24,2.0416666666666665,8
2026416,We Fading,Boulvard X-Audi,2023-04-25,169,medium,vocal,"hiphop, lofi",urban,2023,26,1.8846153846153846,10
1856243,Lizzy's Voice,Smoking With Poets,2021-05-05,229,medium,vocal,"indiepop, pop, indie",contemporary,2021,24,2.0416666666666665,8
2015680,At Dawn,Jilaine Wheatcroft,2023-03-21,227,medium,instrumental,"contemporarypiano, newage",film,2023,26,1.8846153846153846,10
1885207,LEEONA – Ready For Love,Zara Arshakian,2021-09-14,169,medium,vocal,"alternativernb, pop",sexy,2021,24,2.0416666666666665,8
2028941,Igor Pumphonia - Blend,Igor Pumphonia,2023-05-07,223,medium,instrumental,"deephouse, chillout",peaceful,2023,26,1.8846153846153846,10
1864162,DJ Alvin - Quad,Gianluca Luppi,2021-06-14,166,unknown,instrumental,"trance, electronic",psychedelic,2021,24,2.0416666666666665,8
2165599,Sleep Beat,Ogi Feel the Beat,2024-03-28,185,medium,instrumental,"chillhop, chillout, hiphop",soft,2024,24,2.1666666666666665,14
2262814,Dedicated to Dad,Top Flow,2025-07-08,0,medium,instrumental,"alternativernb, easylistening",happy,2025,15,3.466666666666667,13
2192519,Magical Japanese Samurai Meditation,MemoryMusic,2024-08-17,136,medium,instrumental,"ambient, asian, world",meditation,2024,24,2.1666666666666665,14
1881980,Complimenti,Shiva III,2021-09-01,166,medium,vocal,"indian, trap, world",adult,2021,24,2.0416666666666665,8
2123899,Keep it Easy,DHDMusic,2023-10-08,104,medium,instrumental,hiphop,energetic,2023,26,1.8846153846153846,10
1883155,Cumbia,Christian Petermann,2021-09-07,280,medium,instrumental,"latin, jazz, corporate",happy,2021,24,2.0416666666666665,8
1862791,Dangerous,X-Chrome,2021-06-08,207,high,instrumental,"edm, electronic",commercial,2021,24,2.0416666666666665,8
1860311,Love Is The Weapon,CHARIOTS,2021-05-25,247,low,vocal,"indie, pop",love,2021,24,2.0416666666666665,8
1870773,Last dance (feat. Dia Yiannopoulou),zero-project,2021-07-10,175,medium,vocal,"soul, blues",emotional,2021,24,2.0416666666666665,8
1837468,Ethereal Ambient Background,Sergey Gulevich,2021-02-24,0,medium,instrumental,"ambient, newage",peaceful,2021,24,2.0416666666666665,8
1880795,MatFix - Faded,Boulvard X-Audi,2021-08-27,175,high,vocal,"house, electronic",party,2021,24,2.0416666666666665,8
2036443,Through The Days,ValeRoman,2023-06-29,258,medium,instrumental,"artrock, rock",soft,2023,26,1.8846153846153846,10
1889820,Sport Electro,Energysound,2021-10-02,128,medium,vocal,"edm, electronic",party,2021,24,2.0416666666666665,8
1843204,Bittersweet Trap - Instrumental edit,Abydos Music,2021-03-18,171,high,instrumental,"hiphop, electronic",urban,2021,24,2.0416666666666665,8
1913761,Deep Church - Silent Workers,DEEP CHURCH,2022-01-06,233,high,instrumental,electronic,upbeat,2022,20,2.65,6
1873544,Meditation,Alexander Lyamin,2021-07-21,235,medium,instrumental,ambient,peaceful,2021,24,2.0416666666666665,8
1983993,Christmas,BeardMusicStock,2022-11-08,107,high,instrumental,"filmscore, christian",christmas,2022,20,2.65,6
1827959,Travel,SoulProdMusic,2021-01-28,176,medium,vocal,"funk, corporate, poprock",70s,2021,24,2.0416666666666665,8
1895338,La Ballata del Buttero,Retour Band,2021-10-26,218,unknown,vocal,"folk, pop",happy,2021,24,2.0416666666666665,8
1885446,Indigo moon,Christian Petermann,2021-09-16,218,medium,instrumental,"jazzfusion, jazz",improvisation,2021,24,2.0416666666666665,8
1874874,Wont Go There,Nick Ray,2021-07-28,181,medium,vocal,"indiepop, pop, indie",love,2021,24,2.0416666666666665,8
1847806,Backend [feat. Harvey Twain] Bonus Track,J1S,2021-04-09,250,medium,vocal,"gangstarap, hiphop",urban,2021,24,2.0416666666666665,8
1883456,7th St.,The Silhouet,2021-09-09,262,medium,vocal,"pop, indie, alternativerock",melancholic,2021,24,2.0416666666666665,8
1848620,Barry_-_Mud_On_Road__ENGINEER (MASTER) v2,UNSCANNABLE,2021-04-13,227,high,instrumental,"progressivehouse, techno, electronic",party,2021,24,2.0416666666666665,8
1869069,Drop,Flashinmusic,2021-07-05,144,high,instrumental,"electronic, electrohouse",funny,2021,24,2.0416666666666665,8
1896510,Igor Pumphonia feat. EVVA Music - Night Breeze,Igor Pumphonia,2021-11-01,258,high,vocal,"house, techno, electronic",sexy,2021,24,2.0416666666666665,8
1843061,"AY AY AY MALUCA - Pueto pa lo mio records Presenta - Neycom - (Musica urbana, trap, rap, hiphop, dembow, reggaeton)",PUETO PA LO MIO RECORDS,2021-03-18,163,medium,vocal,"reggaeton, latin, dancehall",urban,2021,24,2.0416666666666665,8
2036439,Good Bye,ValeRoman,2023-06-29,186,medium,instrumental,"easylistening, waltz, newage",atmospheric,2023,26,1.8846153846153846,10
1867535,Sem fim the instrumental (acoustic version),The Rooms,2021-06-29,257,unknown,instrumental,"filmscore, chamber",emotional,2021,24,2.0416666666666665,8
1886213,Adventure Cinematic Trailer,Art Music,2021-09-20,185,medium,vocal,"filmscore, ambient, trailer",adventure,2021,24,2.0416666666666665,8
1980875,Unfreeable,Mitch for Mayor,2022-10-21,220,high,vocal,"indierock, hardrock, indie",energetic,2022,20,2.65,6
1893325,Epic Action Trailer (Superheroes Fight),SunSmileMusic,2021-10-18,123,high,vocal,"trailer, filmscore, production",epic,2021,24,2.0416666666666665,8
2261574,still falling,Øraeth,2025-07-03,225,medium,instrumental,"electronic, garage",abstract,2025,15,3.466666666666667,13
2237116,sundøwn reverie,quencíc,2025-02-25,164,low,instrumental,"lofi, hiphop",soft,2025,15,3.466666666666667,13
1849052,Lo-Fi Jazz,Alexey Anisimov,2021-04-16,141,medium,instrumental,"smoothjazz, jazz, lofi",lounge,2021,24,2.0416666666666665,8
1923856,Weight On It,FayroMusic,2022-02-08,193,unknown,vocal,"trap, hiphop",vocal,2022,20,2.65,6
1868386,Epic Piano Orchestral,SilverBoxStudio,2021-07-02,150,medium,instrumental,filmscore,emotional,2021,24,2.0416666666666665,8
2001666,NickyP - Gold Chain,NickyP,2023-01-27,181,medium,vocal,hiphop,urban,2023,26,1.8846153846153846,10
2206716,Petal Skies,Top Flow,2024-09-28,106,high,instrumental,"electronic, futurebass",acoustic,2024,24,2.1666666666666665,14
1921932,Don't Need a Reason,Fresh Body Shop,2022-02-14,197,high,vocal,"pop, indie",fun,2022,20,2.65,6
1872275,WindMarcusbazzDoublebass071321,Wind,2021-07-15,384,medium,instrumental,"jazz, jazzfunk, jazzfusion",acoustic,2021,24,2.0416666666666665,8
1877071,Air (Bach),AurbanniAudio,2021-08-09,196,low,instrumental,"classical, symphonic, filmscore",emotional,2021,24,2.0416666666666665,8
1820998,COMING BACK TO YOU,Egor Budennyy,2021-01-03,197,high,vocal,electrofunk,groovy,2021,24,2.0416666666666665,8
2243789,Out Here,The Sean Moon Band,2025-03-31,203,medium,vocal,"countryrock, country",energetic,2025,15,3.466666666666667,13
1848515,Sweet Hagstrom,Stefan Kartenberg,2021-04-13,240,high,instrumental,"blues, bluesrock, filmscore",retro,2021,24,2.0416666666666665,8
1885441,Forgotten session,Christian Petermann,2021-09-16,220,medium,instrumental,"jazz, smoothjazz",peaceful,2021,24,2.0416666666666665,8
1845998,You and I,Solip,2021-03-31,162,medium,instrumental,"neoclassical, newage, classical",romantic,2021,24,2.0416666666666665,8
1824031,Carioca - Samba Bossa Nova,pinegroove,2021-01-16,178,medium,instrumental,"bossanova, latin, samba",happy,2021,24,2.0416666666666665,8
1886937,Company (feat. Brittany D &amp; Sam Mooney) (2021 24-bit Master),Cole Powell,2021-09-28,169,medium,vocal,"folk, pop, poprock",love,2021,24,2.0416666666666665,8
1903918,How We Got Here,Explosive Ear Candy,2021-12-10,170,high,vocal,"rock, alternativerock, poprock",powerful,2021,24,2.0416666666666665,8
1863446,Deep Night (A Bit Advanced Music featuring Aminolen),Aminolen,2021-06-10,364,high,vocal,"triphop, electronic, downtempo",atmospheric,2021,24,2.0416666666666665,8
1843826,So Easily,Ed Napoli,2021-03-24,164,medium,vocal,pop,love,2021,24,2.0416666666666665,8
2197944,Velvet Sky,Top Flow,2024-08-27,108,medium,instrumental,"ambient, lofi",sad,2024,24,2.1666666666666665,14
2060607,Moonlight,Cephas,2023-08-13,184,high,instrumental,"downtempo, electronic, lofi",peaceful,2023,26,1.8846153846153846,10
1873423,Matters of the heart,DepasRec,2021-08-04,177,medium,instrumental,"filmscore, classical",love,2021,24,2.0416666666666665,8
1896595,Dreams Come True,Grégoire Lourme,2021-11-02,276,medium,vocal,filmscore,cinematic,2021,24,2.0416666666666665,8
1826723,Fantasmas,Tortuga de Mar,2021-01-25,215,low,vocal,"latin, folk",melancholic,2021,24,2.0416666666666665,8
1940158,FROSTiE - G-CODE,FROSTiE,2022-04-24,217,medium,vocal,"hiphop, trap",urban,2022,20,2.65,6
1832349,In the clouds,Jacques NEUEN,2021-02-07,183,unknown,instrumental,"newage, neoclassical",romantic,2021,24,2.0416666666666665,8
1872092,Electro Dirty House,Sound Creator,2021-07-15,140,high,instrumental,"edm, electronic",party,2021,24,2.0416666666666665,8
1828071,Dopamine,Smoking With Poets,2021-01-28,251,medium,vocal,"electropop, pop, indiepop",sad,2021,24,2.0416666666666665,8
1871308,Healing Binaural Beats,Bulbasound,2021-07-12,595,verylow,instrumental,ambient,peaceful,2021,24,2.0416666666666665,8
1932665,Why You So Quiet?,!Mc'Lain!,2022-03-17,168,unknown,vocal,"hiphop, rap",urban,2022,20,2.65,6
1885126,LEEONA – Resentment,Zara Arshakian,2021-09-14,238,low,vocal,rnb,love,2021,24,2.0416666666666665,8
2278486,Halloween 25,Top Flow,2025-10-09,0,unknown,unknown,"metal, grindcore",dark,2025,15,3.466666666666667,13
1880523,Sweet Magic (Deep House),Al Torrado,2021-08-25,269,high,vocal,"deephouse, house, electronic",party,2021,24,2.0416666666666665,8
1895383,Igor Pumphonia feat. EVVA Music - Passion,Igor Pumphonia,2021-10-27,230,high,vocal,"house, electronic",sexy,2021,24,2.0416666666666665,8
1883164,Octana,Christian Petermann,2021-09-07,278,medium,instrumental,"folk, country, corporate",peaceful,2021,24,2.0416666666666665,8
2191574,Loose Strings,Samie Bower,2024-07-23,176,unknown,vocal,"rnb, hiphop",urban,2024,24,2.1666666666666665,14
1880235,EVVA feat. Igor Pumphonia - My Destiny,Igor Pumphonia,2021-08-24,166,high,vocal,"disco, house, electronic",lounge,2021,24,2.0416666666666665,8
2044023,BASXHKZIR - Love Is,BASXHKZIR,2023-07-27,142,medium,vocal,dance,uplifting,2023,26,1.8846153846153846,10
2233119,More Beautiful (Acoustic),Yonder Breaks,2025-02-07,183,high,vocal,"folk, singersongwriter",acoustic,2025,15,3.466666666666667,13
1865915,Feels Like Summer Again,James Bell,2021-06-25,183,medium,vocal,poprock,happy,2021,24,2.0416666666666665,8
1841757,Wait Til Tomorrow (album v.),Nosabe,2021-03-20,205,unknown,vocal,"rock, indie",love,2021,24,2.0416666666666665,8
1878077,The Emotional Piano (documentary background),AurbanniAudio,2021-08-14,130,medium,instrumental,"filmscore, symphonic",emotional,2021,24,2.0416666666666665,8
1860354,Spring Death,Kara Square and Piero Peluche,2021-06-04,216,high,vocal,"indie, pop, indierock",peaceful,2021,24,2.0416666666666665,8
1937749,Poison Ring,ElisaDay,2022-04-07,347,high,vocal,"metal, symphonic",dark,2022,20,2.65,6
2272627,Out Of My Head,Jon Worthy,2025-09-07,254,high,vocal,"indiepop, indie",love,2025,15,3.466666666666667,13
1840603,I Don't Wanna Let You Know,Back On Earth,2021-03-12,230,medium,vocal,"emo, poprock, rock",love,2021,24,2.0416666666666665,8
1834845,Passage of Dreams,Eleven Kingdoms,2021-02-19,529,verylow,vocal,ambient,atmospheric,2021,24,2.0416666666666665,8
1871662,Open Space Soundscape,Sound Creator,2021-07-14,293,medium,instrumental,ambient,meditative,2021,24,2.0416666666666665,8
